Workbook
Name AcctTbl: Sync!$H$10:$L$259
Name BankAccts: Sync!$D$10:$D$19
Name BankOpTbl: Sync!$N$10:$S$27
Name BankTbl: Sync!$A$10:$F$19
Name ListAllCodes: Sync!$H$10:$H$259
Name ListBankOps: Sync!$N$10:$N$27
Name ListBanks: Sync!$A$10:$A$19
Name ListChequeStatus: Sync!$U$10:$U$13
Name ListChequeTypes: Sync!$X$10:$X$11
Name ListGroups: Sync!$W$10:$W$33
Name ListOtherScales: Sync!$V$10:$V$29
Name ListPayMethods: Sync!$T$10:$T$14

Sheet Home
A2: مازندشت · سورتینگ و بسته‌بندی مرکبات · MAZANDASHT · CITRUS SORTING & PACKING
A3: فایل تراکنش‌های بانکی
A4: ثبت، کنترل و تحلیل گردش حساب‌های شرکت · همه کشوها از فایل مادر تعریف شده‌اند
A7: تراکنش‌ها | D7: دریافت | F7: پرداخت | H7: مانده بانک‌ها
A8: =COUNTA(Txn!$B$13:$B$152) -> 0 | D8: =SUM(Txn!$O$13:$O$152) -> 0 | F8: =SUM(Txn!$P$13:$P$152) -> 0 | H8: =SUM(Sum!$E$12:$E$21) -> 0
A9: شیت‌های این فایل روی هر کارت کلیک کنید | H9: ۰۱
A10: تراکنش‌ها Txn | D10: مانده بانک‌ها Sum | G10: جریان نقدی Flow
A11: ثبت تراکنش با کشوی بانک، کد طرف حساب و انتقال داخلی | D11: مانده هر حساب + نمودار مقایسه بانک‌ها | G11: دریافت/پرداخت ماهانه با نمودار ترکیبی
A13: تحلیل Anal | D13: کارت/پوز Card | G13: چک‌ها Chq
A14: بر پایه نوع عملیات، روش پرداخت و طرف حساب | D14: کارت‌به‌کارت و پز باسکول به تفکیک بانک | G14: سررسید، وضعیت و مبلغ چک‌های دریافتی/پرداختی
A22: گردش کار روزانه پنج گام ساده | H22: ۰۲
A23: ۱ | B23: صورت‌حساب بانک را باز کنید؛ هر ردیف را در شیت Txn ثبت کنید.
A24: ۲ | B24: نوع عملیات را انتخاب کنید؛ جهت بدهکار/بستانکار خودکار تعیین می‌شود.
A25: ۳ | B25: بانک عامل را از کشو بزنید و کد طرف حساب را تایپ کنید (نام خودکار می‌آید).
A26: ۴ | B26: اگر پول بین دو حساب خودمان جابه‌جا شده، «انتقال داخلی» را بزنید و بانک مقصد را هم انتخاب کنید.
A27: ۵ | B27: آخر روز شیت Sum و Card را ببینید؛ اگر همه ردیف‌ها ✓ بودند، فایل‌های گزارش را باز کنید.
A29: قاعده طلایی: هر بانکی که در فهرست بانک‌های شرکت نیست، اجازه ثبت ندارد. اگر حساب جدیدی باز کردید، اول آن را در فایل مادر (شیت Bnk) اضافه کنید و بعد این فایل را باز کنید.

Sheet Txn
A2: مازندشت · سورتینگ و بسته‌بندی مرکبات · MAZANDASHT · CITRUS SORTING & PACKING
A3: تراکنش‌های بانکی — ثبت، کنترل و ردیابی
A4: بانک عامل را از کشو انتخاب کنید · کد طرف حساب را تایپ کنید · انتقال داخلی: بانک مبدأ و مقصد
A7: تعداد تراکنش | E7: جمع دریافت | I7: جمع پرداخت | M7: مانده جریان | Q7: ردیف‌های ناقص
A8: =COUNTA($B$13:$B$152) -> 0 | E8: =SUM($O$13:$O$152) -> 0 | I8: =SUM($P$13:$P$152) -> 0 | M8: =SUM($O$13:$O$152)-SUM($P$13:$P$152) -> 0 | Q8: =COUNTIF($S$13:$S$152,"⚠*") -> 0
A9: بانک عامل همیشه از فهرست بانک‌های شرکت انتخاب می‌شود. ستون‌های خاکستری خودکارند و دست نزنید. برای انتقال داخلی، بانک مقصد را هم انتخاب کنید تا پول از یک حساب کم و به حساب دیگر اضافه شود.
A11: دفتر تراکنش‌ها هر ردیف یک تراکنش بانکی | S11: ۰۱
A12: ردیف No. | B12: تاریخ Date | C12: شماره سند Doc | D12: نوع عملیات Operation | E12: بانک عامل Company bank | F12: بانک مقصد Destination | G12: روش Method | H12: کد طرف حساب Party code | I12: نام طرف حساب Party name | J12: گروه Group | K12: شرح Description | L12: شماره پیگیری / چک Ref / Cheque | M12: مبلغ (ریال) Amount | N12: شخص باسکول دیگران Other scale | O12: بدهکار بانک Bank Dr | P12: بستانکار بانک Bank Cr | Q12: بدهکار طرف Party Dr | R12: بستانکار طرف Party Cr | S12: وضعیت Status | T12: یادداشت Note
A13: =IF($B13="","",COUNTA($B$13:$B13)) -> 0 | B13: 1405/07/03 | C13: JB-BS-006 | D13: واریز پز باسکول (۲۰۰۶) | E13: BN02 | G13: کارت/پوز | I13: =IF($H13="","",IFERROR(VLOOKUP($H13,AcctTbl,2,0),"کد ناشناخته")) -> 0 | J13: =IF($H13="","",IFERROR(VLOOKUP($H13,AcctTbl,3,0),"")) -> 0 | K13: پوز باسکول — فروش بار (بارفروش) | L13: JB-BS-006 | M13: 120000 | O13: =IF($B13="",0,IF($U13="IN",N($M13),0)) -> 0 | P13: =IF($B13="",0,IF(OR($U13="OUT",$U13="TRF"),N($M13),0)) -> 0 | Q13: =IF($B13="",0,IF(OR($U13="OUT",$U13="TRF"),N($M13),0)) -> 0 | R13: =IF($B13="",0,IF($U13="IN",N($M13),0)) -> 0 | S13: =IF($B13="","",IF($M13="","⚠ مبلغ",IF($E13="","⚠ بانک عامل",IF(AND($U13="TRF",$F13=""),"⚠ بانک مقصد",IF(AND($V13<>"NONE",$V13<>"",$Z13=""),"⚠ طرف حساب","✓"))))) -> 0 | U13: =IFERROR(VLOOKUP($D13,BankOpTbl,2,0),"") -> 0 | V13: =IFERROR(VLOOKUP($D13,BankOpTbl,3,0),"") -> 0 | W13: =IFERROR(VLOOKUP($D13,BankOpTbl,4,0),"") -> 0 | X13: =IF($E13="","",IFERROR(VLOOKUP($E13,BankTbl,4,0),"")) -> 0 | Y13: =IF($F13="","",IFERROR(VLOOKUP($F13,BankTbl,4,0),"")) -> 0 | Z13: =IF($B13="","",IF($V13="PICK",LEFT($N13,5),IF($V13="FIXED",$W13,IF($V13="CODE",$H13,"")))) -> 0
A14: =IF($B14="","",COUNTA($B$13:$B14)) -> 0 | B14: 1405/07/04 | C14: JB-BS-008 | D14: واریز پز باسکول (۲۰۰۶) | E14: BN02 | G14: کارت/پوز | I14: =IF($H14="","",IFERROR(VLOOKUP($H14,AcctTbl,2,0),"کد ناشناخته")) -> 0 | J14: =IF($H14="","",IFERROR(VLOOKUP($H14,AcctTbl,3,0),"")) -> 0 | K14: پوز باسکول — فروش بار (بارفروش) | L14: JB-BS-008 | M14: 90000 | O14: =IF($B14="",0,IF($U14="IN",N($M14),0)) -> 0 | P14: =IF($B14="",0,IF(OR($U14="OUT",$U14="TRF"),N($M14),0)) -> 0 | Q14: =IF($B14="",0,IF(OR($U14="OUT",$U14="TRF"),N($M14),0)) -> 0 | R14: =IF($B14="",0,IF($U14="IN",N($M14),0)) -> 0 | S14: =IF($B14="","",IF($M14="","⚠ مبلغ",IF($E14="","⚠ بانک عامل",IF(AND($U14="TRF",$F14=""),"⚠ بانک مقصد",IF(AND($V14<>"NONE",$V14<>"",$Z14=""),"⚠ طرف حساب","✓"))))) -> 0 | U14: =IFERROR(VLOOKUP($D14,BankOpTbl,2,0),"") -> 0 | V14: =IFERROR(VLOOKUP($D14,BankOpTbl,3,0),"") -> 0 | W14: =IFERROR(VLOOKUP($D14,BankOpTbl,4,0),"") -> 0 | X14: =IF($E14="","",IFERROR(VLOOKUP($E14,BankTbl,4,0),"")) -> 0 | Y14: =IF($F14="","",IFERROR(VLOOKUP($F14,BankTbl,4,0),"")) -> 0 | Z14: =IF($B14="","",IF($V14="PICK",LEFT($N14,5),IF($V14="FIXED",$W14,IF($V14="CODE",$H14,"")))) -> 0
A15: =IF($B15="","",COUNTA($B$13:$B15)) -> 0 | B15: 1405/07/05 | C15: JB-BS-010 | D15: تسویه پرداخت (واسط) | E15: BN02 | G15: انتقال بانکی | I15: =IF($H15="","",IFERROR(VLOOKUP($H15,AcctTbl,2,0),"کد ناشناخته")) -> 0 | J15: =IF($H15="","",IFERROR(VLOOKUP($H15,AcctTbl,3,0),"")) -> 0 | K15: انعام از پوز باسکول | L15: JB-BS-010 | M15: 500000 | O15: =IF($B15="",0,IF($U15="IN",N($M15),0)) -> 0 | P15: =IF($B15="",0,IF(OR($U15="OUT",$U15="TRF"),N($M15),0)) -> 0 | Q15: =IF($B15="",0,IF(OR($U15="OUT",$U15="TRF"),N($M15),0)) -> 0 | R15: =IF($B15="",0,IF($U15="IN",N($M15),0)) -> 0 | S15: =IF($B15="","",IF($M15="","⚠ مبلغ",IF($E15="","⚠ بانک عامل",IF(AND($U15="TRF",$F15=""),"⚠ بانک مقصد",IF(AND($V15<>"NONE",$V15<>"",$Z15=""),"⚠ طرف حساب","✓"))))) -> 0 | U15: =IFERROR(VLOOKUP($D15,BankOpTbl,2,0),"") -> 0 | V15: =IFERROR(VLOOKUP($D15,BankOpTbl,3,0),"") -> 0 | W15: =IFERROR(VLOOKUP($D15,BankOpTbl,4,0),"") -> 0 | X15: =IF($E15="","",IFERROR(VLOOKUP($E15,BankTbl,4,0),"")) -> 0 | Y15: =IF($F15="","",IFERROR(VLOOKUP($F15,BankTbl,4,0),"")) -> 0 | Z15: =IF($B15="","",IF($V15="PICK",LEFT($N15,5),IF($V15="FIXED",$W15,IF($V15="CODE",$H15,"")))) -> 0
A16: =IF($B16="","",COUNTA($B$13:$B16)) -> 0 | B16: 1405/07/06 | C16: JB-RV-001 | D16: تسویه دریافت (واسط) | E16: BN01 | G16: انتقال بانکی | I16: =IF($H16="","",IFERROR(VLOOKUP($H16,AcctTbl,2,0),"کد ناشناخته")) -> 0 | J16: =IF($H16="","",IFERROR(VLOOKUP($H16,AcctTbl,3,0),"")) -> 0 | K16: تسویه بار | L16: JB-RV-001 | M16: 300000000 | O16: =IF($B16="",0,IF($U16="IN",N($M16),0)) -> 0 | P16: =IF($B16="",0,IF(OR($U16="OUT",$U16="TRF"),N($M16),0)) -> 0 | Q16: =IF($B16="",0,IF(OR($U16="OUT",$U16="TRF"),N($M16),0)) -> 0 | R16: =IF($B16="",0,IF($U16="IN",N($M16),0)) -> 0 | S16: =IF($B16="","",IF($M16="","⚠ مبلغ",IF($E16="","⚠ بانک عامل",IF(AND($U16="TRF",$F16=""),"⚠ بانک مقصد",IF(AND($V16<>"NONE",$V16<>"",$Z16=""),"⚠ طرف حساب","✓"))))) -> 0 | U16: =IFERROR(VLOOKUP($D16,BankOpTbl,2,0),"") -> 0 | V16: =IFERROR(VLOOKUP($D16,BankOpTbl,3,0),"") -> 0 | W16: =IFERROR(VLOOKUP($D16,BankOpTbl,4,0),"") -> 0 | X16: =IF($E16="","",IFERROR(VLOOKUP($E16,BankTbl,4,0),"")) -> 0 | Y16: =IF($F16="","",IFERROR(VLOOKUP($F16,BankTbl,4,0),"")) -> 0 | Z16: =IF($B16="","",IF($V16="PICK",LEFT($N16,5),IF($V16="FIXED",$W16,IF($V16="CODE",$H16,"")))) -> 0
A17: =IF($B17="","",COUNTA($B$13:$B17)) -> 0 | B17: 1405/07/08 | C17: JB-PV-003 | D17: تسویه پرداخت (واسط) | E17: BN02 | G17: انتقال بانکی | I17: =IF($H17="","",IFERROR(VLOOKUP($H17,AcctTbl,2,0),"کد ناشناخته")) -> 0 | J17: =IF($H17="","",IFERROR(VLOOKUP($H17,AcctTbl,3,0),"")) -> 0 | K17: پرداخت از واسط | L17: JB-PV-003 | M17: 80000000 | O17: =IF($B17="",0,IF($U17="IN",N($M17),0)) -> 0 | P17: =IF($B17="",0,IF(OR($U17="OUT",$U17="TRF"),N($M17),0)) -> 0 | Q17: =IF($B17="",0,IF(OR($U17="OUT",$U17="TRF"),N($M17),0)) -> 0 | R17: =IF($B17="",0,IF($U17="IN",N($M17),0)) -> 0 | S17: =IF($B17="","",IF($M17="","⚠ مبلغ",IF($E17="","⚠ بانک عامل",IF(AND($U17="TRF",$F17=""),"⚠ بانک مقصد",IF(AND($V17<>"NONE",$V17<>"",$Z17=""),"⚠ طرف حساب","✓"))))) -> 0 | U17: =IFERROR(VLOOKUP($D17,BankOpTbl,2,0),"") -> 0 | V17: =IFERROR(VLOOKUP($D17,BankOpTbl,3,0),"") -> 0 | W17: =IFERROR(VLOOKUP($D17,BankOpTbl,4,0),"") -> 0 | X17: =IF($E17="","",IFERROR(VLOOKUP($E17,BankTbl,4,0),"")) -> 0 | Y17: =IF($F17="","",IFERROR(VLOOKUP($F17,BankTbl,4,0),"")) -> 0 | Z17: =IF($B17="","",IF($V17="PICK",LEFT($N17,5),IF($V17="FIXED",$W17,IF($V17="CODE",$H17,"")))) -> 0
A18: =IF($B18="","",COUNTA($B$13:$B18)) -> 0 | B18: 1405/07/09 | C18: JB-RV-002 | D18: تسویه دریافت (واسط) | E18: BN02 | G18: انتقال بانکی | I18: =IF($H18="","",IFERROR(VLOOKUP($H18,AcctTbl,2,0),"کد ناشناخته")) -> 0 | J18: =IF($H18="","",IFERROR(VLOOKUP($H18,AcctTbl,3,0),"")) -> 0 | K18: واریز از واسط | L18: JB-RV-002 | M18: 120000000 | O18: =IF($B18="",0,IF($U18="IN",N($M18),0)) -> 0 | P18: =IF($B18="",0,IF(OR($U18="OUT",$U18="TRF"),N($M18),0)) -> 0 | Q18: =IF($B18="",0,IF(OR($U18="OUT",$U18="TRF"),N($M18),0)) -> 0 | R18: =IF($B18="",0,IF($U18="IN",N($M18),0)) -> 0 | S18: =IF($B18="","",IF($M18="","⚠ مبلغ",IF($E18="","⚠ بانک عامل",IF(AND($U18="TRF",$F18=""),"⚠ بانک مقصد",IF(AND($V18<>"NONE",$V18<>"",$Z18=""),"⚠ طرف حساب","✓"))))) -> 0 | U18: =IFERROR(VLOOKUP($D18,BankOpTbl,2,0),"") -> 0 | V18: =IFERROR(VLOOKUP($D18,BankOpTbl,3,0),"") -> 0 | W18: =IFERROR(VLOOKUP($D18,BankOpTbl,4,0),"") -> 0 | X18: =IF($E18="","",IFERROR(VLOOKUP($E18,BankTbl,4,0),"")) -> 0 | Y18: =IF($F18="","",IFERROR(VLOOKUP($F18,BankTbl,4,0),"")) -> 0 | Z18: =IF($B18="","",IF($V18="PICK",LEFT($N18,5),IF($V18="FIXED",$W18,IF($V18="CODE",$H18,"")))) -> 0
A19: =IF($B19="","",COUNTA($B$13:$B19)) -> 0 | B19: 1405/07/09 | C19: JB-BS-015 | D19: واریز پز باسکول (۲۰۰۶) | E19: BN02 | G19: کارت/پوز | I19: =IF($H19="","",IFERROR(VLOOKUP($H19,AcctTbl,2,0),"کد ناشناخته")) -> 0 | J19: =IF($H19="","",IFERROR(VLOOKUP($H19,AcctTbl,3,0),"")) -> 0 | K19: پوز باسکول — فروش بار (بارفروش) | L19: JB-BS-015 | M19: 80000 | O19: =IF($B19="",0,IF($U19="IN",N($M19),0)) -> 0 | P19: =IF($B19="",0,IF(OR($U19="OUT",$U19="TRF"),N($M19),0)) -> 0 | Q19: =IF($B19="",0,IF(OR($U19="OUT",$U19="TRF"),N($M19),0)) -> 0 | R19: =IF($B19="",0,IF($U19="IN",N($M19),0)) -> 0 | S19: =IF($B19="","",IF($M19="","⚠ مبلغ",IF($E19="","⚠ بانک عامل",IF(AND($U19="TRF",$F19=""),"⚠ بانک مقصد",IF(AND($V19<>"NONE",$V19<>"",$Z19=""),"⚠ طرف حساب","✓"))))) -> 0 | U19: =IFERROR(VLOOKUP($D19,BankOpTbl,2,0),"") -> 0 | V19: =IFERROR(VLOOKUP($D19,BankOpTbl,3,0),"") -> 0 | W19: =IFERROR(VLOOKUP($D19,BankOpTbl,4,0),"") -> 0 | X19: =IF($E19="","",IFERROR(VLOOKUP($E19,BankTbl,4,0),"")) -> 0 | Y19: =IF($F19="","",IFERROR(VLOOKUP($F19,BankTbl,4,0),"")) -> 0 | Z19: =IF($B19="","",IF($V19="PICK",LEFT($N19,5),IF($V19="FIXED",$W19,IF($V19="CODE",$H19,"")))) -> 0
A20: =IF($B20="","",COUNTA($B$13:$B20)) -> 0 | B20: 1405/07/10 | C20: JB-PV-004 | D20: تسویه پرداخت (واسط) | E20: BN01 | G20: انتقال بانکی | I20: =IF($H20="","",IFERROR(VLOOKUP($H20,AcctTbl,2,0),"کد ناشناخته")) -> 0 | J20: =IF($H20="","",IFERROR(VLOOKUP($H20,AcctTbl,3,0),"")) -> 0 | K20: پاس شدن چک | L20: JB-PV-004 | M20: 200000000 | O20: =IF($B20="",0,IF($U20="IN",N($M20),0)) -> 0 | P20: =IF($B20="",0,IF(OR($U20="OUT",$U20="TRF"),N($M20),0)) -> 0 | Q20: =IF($B20="",0,IF(OR($U20="OUT",$U20="TRF"),N($M20),0)) -> 0 | R20: =IF($B20="",0,IF($U20="IN",N($M20),0)) -> 0 | S20: =IF($B20="","",IF($M20="","⚠ مبلغ",IF($E20="","⚠ بانک عامل",IF(AND($U20="TRF",$F20=""),"⚠ بانک مقصد",IF(AND($V20<>"NONE",$V20<>"",$Z20=""),"⚠ طرف حساب","✓"))))) -> 0 | U20: =IFERROR(VLOOKUP($D20,BankOpTbl,2,0),"") -> 0 | V20: =IFERROR(VLOOKUP($D20,BankOpTbl,3,0),"") -> 0 | W20: =IFERROR(VLOOKUP($D20,BankOpTbl,4,0),"") -> 0 | X20: =IF($E20="","",IFERROR(VLOOKUP($E20,BankTbl,4,0),"")) -> 0 | Y20: =IF($F20="","",IFERROR(VLOOKUP($F20,BankTbl,4,0),"")) -> 0 | Z20: =IF($B20="","",IF($V20="PICK",LEFT($N20,5),IF($V20="FIXED",$W20,IF($V20="CODE",$H20,"")))) -> 0
A21: =IF($B21="","",COUNTA($B$13:$B21)) -> 0 | B21: 1405/07/11 | C21: JB-RV-003 | D21: تسویه دریافت (واسط) | E21: BN02 | G21: انتقال بانکی | I21: =IF($H21="","",IFERROR(VLOOKUP($H21,AcctTbl,2,0),"کد ناشناخته")) -> 0 | J21: =IF($H21="","",IFERROR(VLOOKUP($H21,AcctTbl,3,0),"")) -> 0 | K21: واریز از واسط | L21: JB-RV-003 | M21: 100000000 | O21: =IF($B21="",0,IF($U21="IN",N($M21),0)) -> 0 | P21: =IF($B21="",0,IF(OR($U21="OUT",$U21="TRF"),N($M21),0)) -> 0 | Q21: =IF($B21="",0,IF(OR($U21="OUT",$U21="TRF"),N($M21),0)) -> 0 | R21: =IF($B21="",0,IF($U21="IN",N($M21),0)) -> 0 | S21: =IF($B21="","",IF($M21="","⚠ مبلغ",IF($E21="","⚠ بانک عامل",IF(AND($U21="TRF",$F21=""),"⚠ بانک مقصد",IF(AND($V21<>"NONE",$V21<>"",$Z21=""),"⚠ طرف حساب","✓"))))) -> 0 | U21: =IFERROR(VLOOKUP($D21,BankOpTbl,2,0),"") -> 0 | V21: =IFERROR(VLOOKUP($D21,BankOpTbl,3,0),"") -> 0 | W21: =IFERROR(VLOOKUP($D21,BankOpTbl,4,0),"") -> 0 | X21: =IF($E21="","",IFERROR(VLOOKUP($E21,BankTbl,4,0),"")) -> 0 | Y21: =IF($F21="","",IFERROR(VLOOKUP($F21,BankTbl,4,0),"")) -> 0 | Z21: =IF($B21="","",IF($V21="PICK",LEFT($N21,5),IF($V21="FIXED",$W21,IF($V21="CODE",$H21,"")))) -> 0
A22: =IF($B22="","",COUNTA($B$13:$B22)) -> 0 | B22: 1405/07/11 | C22: JB-BS-017 | D22: واریز پز باسکول (۲۰۰۶) | E22: BN02 | G22: کارت/پوز | I22: =IF($H22="","",IFERROR(VLOOKUP($H22,AcctTbl,2,0),"کد ناشناخته")) -> 0 | J22: =IF($H22="","",IFERROR(VLOOKUP($H22,AcctTbl,3,0),"")) -> 0 | K22: پوز باسکول — درآمد پوز باسکول (بدون طرف) | L22: JB-BS-017 | M22: 300000 | O22: =IF($B22="",0,IF($U22="IN",N($M22),0)) -> 0 | P22: =IF($B22="",0,IF(OR($U22="OUT",$U22="TRF"),N($M22),0)) -> 0 | Q22: =IF($B22="",0,IF(OR($U22="OUT",$U22="TRF"),N($M22),0)) -> 0 | R22: =IF($B22="",0,IF($U22="IN",N($M22),0)) -> 0 | S22: =IF($B22="","",IF($M22="","⚠ مبلغ",IF($E22="","⚠ بانک عامل",IF(AND($U22="TRF",$F22=""),"⚠ بانک مقصد",IF(AND($V22<>"NONE",$V22<>"",$Z22=""),"⚠ طرف حساب","✓"))))) -> 0 | U22: =IFERROR(VLOOKUP($D22,BankOpTbl,2,0),"") -> 0 | V22: =IFERROR(VLOOKUP($D22,BankOpTbl,3,0),"") -> 0 | W22: =IFERROR(VLOOKUP($D22,BankOpTbl,4,0),"") -> 0 | X22: =IF($E22="","",IFERROR(VLOOKUP($E22,BankTbl,4,0),"")) -> 0 | Y22: =IF($F22="","",IFERROR(VLOOKUP($F22,BankTbl,4,0),"")) -> 0 | Z22: =IF($B22="","",IF($V22="PICK",LEFT($N22,5),IF($V22="FIXED",$W22,IF($V22="CODE",$H22,"")))) -> 0
A23: =IF($B23="","",COUNTA($B$13:$B23)) -> 0 | B23: 1405/07/12 | C23: JB-RV-004 | D23: تسویه دریافت (واسط) | E23: BN01 | G23: انتقال بانکی | I23: =IF($H23="","",IFERROR(VLOOKUP($H23,AcctTbl,2,0),"کد ناشناخته")) -> 0 | J23: =IF($H23="","",IFERROR(VLOOKUP($H23,AcctTbl,3,0),"")) -> 0 | K23: واریز از واسط | L23: JB-RV-004 | M23: 50000000 | O23: =IF($B23="",0,IF($U23="IN",N($M23),0)) -> 0 | P23: =IF($B23="",0,IF(OR($U23="OUT",$U23="TRF"),N($M23),0)) -> 0 | Q23: =IF($B23="",0,IF(OR($U23="OUT",$U23="TRF"),N($M23),0)) -> 0 | R23: =IF($B23="",0,IF($U23="IN",N($M23),0)) -> 0 | S23: =IF($B23="","",IF($M23="","⚠ مبلغ",IF($E23="","⚠ بانک عامل",IF(AND($U23="TRF",$F23=""),"⚠ بانک مقصد",IF(AND($V23<>"NONE",$V23<>"",$Z23=""),"⚠ طرف حساب","✓"))))) -> 0 | U23: =IFERROR(VLOOKUP($D23,BankOpTbl,2,0),"") -> 0 | V23: =IFERROR(VLOOKUP($D23,BankOpTbl,3,0),"") -> 0 | W23: =IFERROR(VLOOKUP($D23,BankOpTbl,4,0),"") -> 0 | X23: =IF($E23="","",IFERROR(VLOOKUP($E23,BankTbl,4,0),"")) -> 0 | Y23: =IF($F23="","",IFERROR(VLOOKUP($F23,BankTbl,4,0),"")) -> 0 | Z23: =IF($B23="","",IF($V23="PICK",LEFT($N23,5),IF($V23="FIXED",$W23,IF($V23="CODE",$H23,"")))) -> 0
A24: =IF($B24="","",COUNTA($B$13:$B24)) -> 0 | B24: 1405/07/13 | C24: TB-901 | D24: انتقال داخلی بین بانک‌ها | E24: BN01 | F24: BN03 | G24: انتقال بانکی | I24: =IF($H24="","",IFERROR(VLOOKUP($H24,AcctTbl,2,0),"کد ناشناخته")) -> 0 | J24: =IF($H24="","",IFERROR(VLOOKUP($H24,AcctTbl,3,0),"")) -> 0 | K24: انتقال به حساب ملت | L24: TR-9001 | M24: 50000000 | O24: =IF($B24="",0,IF($U24="IN",N($M24),0)) -> 0 | P24: =IF($B24="",0,IF(OR($U24="OUT",$U24="TRF"),N($M24),0)) -> 0 | Q24: =IF($B24="",0,IF(OR($U24="OUT",$U24="TRF"),N($M24),0)) -> 0 | R24: =IF($B24="",0,IF($U24="IN",N($M24),0)) -> 0 | S24: =IF($B24="","",IF($M24="","⚠ مبلغ",IF($E24="","⚠ بانک عامل",IF(AND($U24="TRF",$F24=""),"⚠ بانک مقصد",IF(AND($V24<>"NONE",$V24<>"",$Z24=""),"⚠ طرف حساب","✓"))))) -> 0 | U24: =IFERROR(VLOOKUP($D24,BankOpTbl,2,0),"") -> 0 | V24: =IFERROR(VLOOKUP($D24,BankOpTbl,3,0),"") -> 0 | W24: =IFERROR(VLOOKUP($D24,BankOpTbl,4,0),"") -> 0 | X24: =IF($E24="","",IFERROR(VLOOKUP($E24,BankTbl,4,0),"")) -> 0 | Y24: =IF($F24="","",IFERROR(VLOOKUP($F24,BankTbl,4,0),"")) -> 0 | Z24: =IF($B24="","",IF($V24="PICK",LEFT($N24,5),IF($V24="FIXED",$W24,IF($V24="CODE",$H24,"")))) -> 0
A25: =IF($B25="","",COUNTA($B$13:$B25)) -> 0 | I25: =IF($H25="","",IFERROR(VLOOKUP($H25,AcctTbl,2,0),"کد ناشناخته")) -> 0 | J25: =IF($H25="","",IFERROR(VLOOKUP($H25,AcctTbl,3,0),"")) -> 0 | O25: =IF($B25="",0,IF($U25="IN",N($M25),0)) -> 0 | P25: =IF($B25="",0,IF(OR($U25="OUT",$U25="TRF"),N($M25),0)) -> 0 | Q25: =IF($B25="",0,IF(OR($U25="OUT",$U25="TRF"),N($M25),0)) -> 0 | R25: =IF($B25="",0,IF($U25="IN",N($M25),0)) -> 0 | S25: =IF($B25="","",IF($M25="","⚠ مبلغ",IF($E25="","⚠ بانک عامل",IF(AND($U25="TRF",$F25=""),"⚠ بانک مقصد",IF(AND($V25<>"NONE",$V25<>"",$Z25=""),"⚠ طرف حساب","✓"))))) -> 0 | U25: =IFERROR(VLOOKUP($D25,BankOpTbl,2,0),"") -> 0 | V25: =IFERROR(VLOOKUP($D25,BankOpTbl,3,0),"") -> 0 | W25: =IFERROR(VLOOKUP($D25,BankOpTbl,4,0),"") -> 0 | X25: =IF($E25="","",IFERROR(VLOOKUP($E25,BankTbl,4,0),"")) -> 0 | Y25: =IF($F25="","",IFERROR(VLOOKUP($F25,BankTbl,4,0),"")) -> 0 | Z25: =IF($B25="","",IF($V25="PICK",LEFT($N25,5),IF($V25="FIXED",$W25,IF($V25="CODE",$H25,"")))) -> 0
A26: =IF($B26="","",COUNTA($B$13:$B26)) -> 0 | I26: =IF($H26="","",IFERROR(VLOOKUP($H26,AcctTbl,2,0),"کد ناشناخته")) -> 0 | J26: =IF($H26="","",IFERROR(VLOOKUP($H26,AcctTbl,3,0),"")) -> 0 | O26: =IF($B26="",0,IF($U26="IN",N($M26),0)) -> 0 | P26: =IF($B26="",0,IF(OR($U26="OUT",$U26="TRF"),N($M26),0)) -> 0 | Q26: =IF($B26="",0,IF(OR($U26="OUT",$U26="TRF"),N($M26),0)) -> 0 | R26: =IF($B26="",0,IF($U26="IN",N($M26),0)) -> 0 | S26: =IF($B26="","",IF($M26="","⚠ مبلغ",IF($E26="","⚠ بانک عامل",IF(AND($U26="TRF",$F26=""),"⚠ بانک مقصد",IF(AND($V26<>"NONE",$V26<>"",$Z26=""),"⚠ طرف حساب","✓"))))) -> 0 | U26: =IFERROR(VLOOKUP($D26,BankOpTbl,2,0),"") -> 0 | V26: =IFERROR(VLOOKUP($D26,BankOpTbl,3,0),"") -> 0 | W26: =IFERROR(VLOOKUP($D26,BankOpTbl,4,0),"") -> 0 | X26: =IF($E26="","",IFERROR(VLOOKUP($E26,BankTbl,4,0),"")) -> 0 | Y26: =IF($F26="","",IFERROR(VLOOKUP($F26,BankTbl,4,0),"")) -> 0 | Z26: =IF($B26="","",IF($V26="PICK",LEFT($N26,5),IF($V26="FIXED",$W26,IF($V26="CODE",$H26,"")))) -> 0
A27: =IF($B27="","",COUNTA($B$13:$B27)) -> 0 | I27: =IF($H27="","",IFERROR(VLOOKUP($H27,AcctTbl,2,0),"کد ناشناخته")) -> 0 | J27: =IF($H27="","",IFERROR(VLOOKUP($H27,AcctTbl,3,0),"")) -> 0 | O27: =IF($B27="",0,IF($U27="IN",N($M27),0)) -> 0 | P27: =IF($B27="",0,IF(OR($U27="OUT",$U27="TRF"),N($M27),0)) -> 0 | Q27: =IF($B27="",0,IF(OR($U27="OUT",$U27="TRF"),N($M27),0)) -> 0 | R27: =IF($B27="",0,IF($U27="IN",N($M27),0)) -> 0 | S27: =IF($B27="","",IF($M27="","⚠ مبلغ",IF($E27="","⚠ بانک عامل",IF(AND($U27="TRF",$F27=""),"⚠ بانک مقصد",IF(AND($V27<>"NONE",$V27<>"",$Z27=""),"⚠ طرف حساب","✓"))))) -> 0 | U27: =IFERROR(VLOOKUP($D27,BankOpTbl,2,0),"") -> 0 | V27: =IFERROR(VLOOKUP($D27,BankOpTbl,3,0),"") -> 0 | W27: =IFERROR(VLOOKUP($D27,BankOpTbl,4,0),"") -> 0 | X27: =IF($E27="","",IFERROR(VLOOKUP($E27,BankTbl,4,0),"")) -> 0 | Y27: =IF($F27="","",IFERROR(VLOOKUP($F27,BankTbl,4,0),"")) -> 0 | Z27: =IF($B27="","",IF($V27="PICK",LEFT($N27,5),IF($V27="FIXED",$W27,IF($V27="CODE",$H27,"")))) -> 0
A28: =IF($B28="","",COUNTA($B$13:$B28)) -> 0 | I28: =IF($H28="","",IFERROR(VLOOKUP($H28,AcctTbl,2,0),"کد ناشناخته")) -> 0 | J28: =IF($H28="","",IFERROR(VLOOKUP($H28,AcctTbl,3,0),"")) -> 0 | O28: =IF($B28="",0,IF($U28="IN",N($M28),0)) -> 0 | P28: =IF($B28="",0,IF(OR($U28="OUT",$U28="TRF"),N($M28),0)) -> 0 | Q28: =IF($B28="",0,IF(OR($U28="OUT",$U28="TRF"),N($M28),0)) -> 0 | R28: =IF($B28="",0,IF($U28="IN",N($M28),0)) -> 0 | S28: =IF($B28="","",IF($M28="","⚠ مبلغ",IF($E28="","⚠ بانک عامل",IF(AND($U28="TRF",$F28=""),"⚠ بانک مقصد",IF(AND($V28<>"NONE",$V28<>"",$Z28=""),"⚠ طرف حساب","✓"))))) -> 0 | U28: =IFERROR(VLOOKUP($D28,BankOpTbl,2,0),"") -> 0 | V28: =IFERROR(VLOOKUP($D28,BankOpTbl,3,0),"") -> 0 | W28: =IFERROR(VLOOKUP($D28,BankOpTbl,4,0),"") -> 0 | X28: =IF($E28="","",IFERROR(VLOOKUP($E28,BankTbl,4,0),"")) -> 0 | Y28: =IF($F28="","",IFERROR(VLOOKUP($F28,BankTbl,4,0),"")) -> 0 | Z28: =IF($B28="","",IF($V28="PICK",LEFT($N28,5),IF($V28="FIXED",$W28,IF($V28="CODE",$H28,"")))) -> 0
A29: =IF($B29="","",COUNTA($B$13:$B29)) -> 0 | I29: =IF($H29="","",IFERROR(VLOOKUP($H29,AcctTbl,2,0),"کد ناشناخته")) -> 0 | J29: =IF($H29="","",IFERROR(VLOOKUP($H29,AcctTbl,3,0),"")) -> 0 | O29: =IF($B29="",0,IF($U29="IN",N($M29),0)) -> 0 | P29: =IF($B29="",0,IF(OR($U29="OUT",$U29="TRF"),N($M29),0)) -> 0 | Q29: =IF($B29="",0,IF(OR($U29="OUT",$U29="TRF"),N($M29),0)) -> 0 | R29: =IF($B29="",0,IF($U29="IN",N($M29),0)) -> 0 | S29: =IF($B29="","",IF($M29="","⚠ مبلغ",IF($E29="","⚠ بانک عامل",IF(AND($U29="TRF",$F29=""),"⚠ بانک مقصد",IF(AND($V29<>"NONE",$V29<>"",$Z29=""),"⚠ طرف حساب","✓"))))) -> 0 | U29: =IFERROR(VLOOKUP($D29,BankOpTbl,2,0),"") -> 0 | V29: =IFERROR(VLOOKUP($D29,BankOpTbl,3,0),"") -> 0 | W29: =IFERROR(VLOOKUP($D29,BankOpTbl,4,0),"") -> 0 | X29: =IF($E29="","",IFERROR(VLOOKUP($E29,BankTbl,4,0),"")) -> 0 | Y29: =IF($F29="","",IFERROR(VLOOKUP($F29,BankTbl,4,0),"")) -> 0 | Z29: =IF($B29="","",IF($V29="PICK",LEFT($N29,5),IF($V29="FIXED",$W29,IF($V29="CODE",$H29,"")))) -> 0
A30: =IF($B30="","",COUNTA($B$13:$B30)) -> 0 | I30: =IF($H30="","",IFERROR(VLOOKUP($H30,AcctTbl,2,0),"کد ناشناخته")) -> 0 | J30: =IF($H30="","",IFERROR(VLOOKUP($H30,AcctTbl,3,0),"")) -> 0 | O30: =IF($B30="",0,IF($U30="IN",N($M30),0)) -> 0 | P30: =IF($B30="",0,IF(OR($U30="OUT",$U30="TRF"),N($M30),0)) -> 0 | Q30: =IF($B30="",0,IF(OR($U30="OUT",$U30="TRF"),N($M30),0)) -> 0 | R30: =IF($B30="",0,IF($U30="IN",N($M30),0)) -> 0 | S30: =IF($B30="","",IF($M30="","⚠ مبلغ",IF($E30="","⚠ بانک عامل",IF(AND($U30="TRF",$F30=""),"⚠ بانک مقصد",IF(AND($V30<>"NONE",$V30<>"",$Z30=""),"⚠ طرف حساب","✓"))))) -> 0 | U30: =IFERROR(VLOOKUP($D30,BankOpTbl,2,0),"") -> 0 | V30: =IFERROR(VLOOKUP($D30,BankOpTbl,3,0),"") -> 0 | W30: =IFERROR(VLOOKUP($D30,BankOpTbl,4,0),"") -> 0 | X30: =IF($E30="","",IFERROR(VLOOKUP($E30,BankTbl,4,0),"")) -> 0 | Y30: =IF($F30="","",IFERROR(VLOOKUP($F30,BankTbl,4,0),"")) -> 0 | Z30: =IF($B30="","",IF($V30="PICK",LEFT($N30,5),IF($V30="FIXED",$W30,IF($V30="CODE",$H30,"")))) -> 0
A31: =IF($B31="","",COUNTA($B$13:$B31)) -> 0 | I31: =IF($H31="","",IFERROR(VLOOKUP($H31,AcctTbl,2,0),"کد ناشناخته")) -> 0 | J31: =IF($H31="","",IFERROR(VLOOKUP($H31,AcctTbl,3,0),"")) -> 0 | O31: =IF($B31="",0,IF($U31="IN",N($M31),0)) -> 0 | P31: =IF($B31="",0,IF(OR($U31="OUT",$U31="TRF"),N($M31),0)) -> 0 | Q31: =IF($B31="",0,IF(OR($U31="OUT",$U31="TRF"),N($M31),0)) -> 0 | R31: =IF($B31="",0,IF($U31="IN",N($M31),0)) -> 0 | S31: =IF($B31="","",IF($M31="","⚠ مبلغ",IF($E31="","⚠ بانک عامل",IF(AND($U31="TRF",$F31=""),"⚠ بانک مقصد",IF(AND($V31<>"NONE",$V31<>"",$Z31=""),"⚠ طرف حساب","✓"))))) -> 0 | U31: =IFERROR(VLOOKUP($D31,BankOpTbl,2,0),"") -> 0 | V31: =IFERROR(VLOOKUP($D31,BankOpTbl,3,0),"") -> 0 | W31: =IFERROR(VLOOKUP($D31,BankOpTbl,4,0),"") -> 0 | X31: =IF($E31="","",IFERROR(VLOOKUP($E31,BankTbl,4,0),"")) -> 0 | Y31: =IF($F31="","",IFERROR(VLOOKUP($F31,BankTbl,4,0),"")) -> 0 | Z31: =IF($B31="","",IF($V31="PICK",LEFT($N31,5),IF($V31="FIXED",$W31,IF($V31="CODE",$H31,"")))) -> 0
A32: =IF($B32="","",COUNTA($B$13:$B32)) -> 0 | I32: =IF($H32="","",IFERROR(VLOOKUP($H32,AcctTbl,2,0),"کد ناشناخته")) -> 0 | J32: =IF($H32="","",IFERROR(VLOOKUP($H32,AcctTbl,3,0),"")) -> 0 | O32: =IF($B32="",0,IF($U32="IN",N($M32),0)) -> 0 | P32: =IF($B32="",0,IF(OR($U32="OUT",$U32="TRF"),N($M32),0)) -> 0 | Q32: =IF($B32="",0,IF(OR($U32="OUT",$U32="TRF"),N($M32),0)) -> 0 | R32: =IF($B32="",0,IF($U32="IN",N($M32),0)) -> 0 | S32: =IF($B32="","",IF($M32="","⚠ مبلغ",IF($E32="","⚠ بانک عامل",IF(AND($U32="TRF",$F32=""),"⚠ بانک مقصد",IF(AND($V32<>"NONE",$V32<>"",$Z32=""),"⚠ طرف حساب","✓"))))) -> 0 | U32: =IFERROR(VLOOKUP($D32,BankOpTbl,2,0),"") -> 0 | V32: =IFERROR(VLOOKUP($D32,BankOpTbl,3,0),"") -> 0 | W32: =IFERROR(VLOOKUP($D32,BankOpTbl,4,0),"") -> 0 | X32: =IF($E32="","",IFERROR(VLOOKUP($E32,BankTbl,4,0),"")) -> 0 | Y32: =IF($F32="","",IFERROR(VLOOKUP($F32,BankTbl,4,0),"")) -> 0 | Z32: =IF($B32="","",IF($V32="PICK",LEFT($N32,5),IF($V32="FIXED",$W32,IF($V32="CODE",$H32,"")))) -> 0
A33: =IF($B33="","",COUNTA($B$13:$B33)) -> 0 | I33: =IF($H33="","",IFERROR(VLOOKUP($H33,AcctTbl,2,0),"کد ناشناخته")) -> 0 | J33: =IF($H33="","",IFERROR(VLOOKUP($H33,AcctTbl,3,0),"")) -> 0 | O33: =IF($B33="",0,IF($U33="IN",N($M33),0)) -> 0 | P33: =IF($B33="",0,IF(OR($U33="OUT",$U33="TRF"),N($M33),0)) -> 0 | Q33: =IF($B33="",0,IF(OR($U33="OUT",$U33="TRF"),N($M33),0)) -> 0 | R33: =IF($B33="",0,IF($U33="IN",N($M33),0)) -> 0 | S33: =IF($B33="","",IF($M33="","⚠ مبلغ",IF($E33="","⚠ بانک عامل",IF(AND($U33="TRF",$F33=""),"⚠ بانک مقصد",IF(AND($V33<>"NONE",$V33<>"",$Z33=""),"⚠ طرف حساب","✓"))))) -> 0 | U33: =IFERROR(VLOOKUP($D33,BankOpTbl,2,0),"") -> 0 | V33: =IFERROR(VLOOKUP($D33,BankOpTbl,3,0),"") -> 0 | W33: =IFERROR(VLOOKUP($D33,BankOpTbl,4,0),"") -> 0 | X33: =IF($E33="","",IFERROR(VLOOKUP($E33,BankTbl,4,0),"")) -> 0 | Y33: =IF($F33="","",IFERROR(VLOOKUP($F33,BankTbl,4,0),"")) -> 0 | Z33: =IF($B33="","",IF($V33="PICK",LEFT($N33,5),IF($V33="FIXED",$W33,IF($V33="CODE",$H33,"")))) -> 0
A34: =IF($B34="","",COUNTA($B$13:$B34)) -> 0 | I34: =IF($H34="","",IFERROR(VLOOKUP($H34,AcctTbl,2,0),"کد ناشناخته")) -> 0 | J34: =IF($H34="","",IFERROR(VLOOKUP($H34,AcctTbl,3,0),"")) -> 0 | O34: =IF($B34="",0,IF($U34="IN",N($M34),0)) -> 0 | P34: =IF($B34="",0,IF(OR($U34="OUT",$U34="TRF"),N($M34),0)) -> 0 | Q34: =IF($B34="",0,IF(OR($U34="OUT",$U34="TRF"),N($M34),0)) -> 0 | R34: =IF($B34="",0,IF($U34="IN",N($M34),0)) -> 0 | S34: =IF($B34="","",IF($M34="","⚠ مبلغ",IF($E34="","⚠ بانک عامل",IF(AND($U34="TRF",$F34=""),"⚠ بانک مقصد",IF(AND($V34<>"NONE",$V34<>"",$Z34=""),"⚠ طرف حساب","✓"))))) -> 0 | U34: =IFERROR(VLOOKUP($D34,BankOpTbl,2,0),"") -> 0 | V34: =IFERROR(VLOOKUP($D34,BankOpTbl,3,0),"") -> 0 | W34: =IFERROR(VLOOKUP($D34,BankOpTbl,4,0),"") -> 0 | X34: =IF($E34="","",IFERROR(VLOOKUP($E34,BankTbl,4,0),"")) -> 0 | Y34: =IF($F34="","",IFERROR(VLOOKUP($F34,BankTbl,4,0),"")) -> 0 | Z34: =IF($B34="","",IF($V34="PICK",LEFT($N34,5),IF($V34="FIXED",$W34,IF($V34="CODE",$H34,"")))) -> 0
A35: =IF($B35="","",COUNTA($B$13:$B35)) -> 0 | I35: =IF($H35="","",IFERROR(VLOOKUP($H35,AcctTbl,2,0),"کد ناشناخته")) -> 0 | J35: =IF($H35="","",IFERROR(VLOOKUP($H35,AcctTbl,3,0),"")) -> 0 | O35: =IF($B35="",0,IF($U35="IN",N($M35),0)) -> 0 | P35: =IF($B35="",0,IF(OR($U35="OUT",$U35="TRF"),N($M35),0)) -> 0 | Q35: =IF($B35="",0,IF(OR($U35="OUT",$U35="TRF"),N($M35),0)) -> 0 | R35: =IF($B35="",0,IF($U35="IN",N($M35),0)) -> 0 | S35: =IF($B35="","",IF($M35="","⚠ مبلغ",IF($E35="","⚠ بانک عامل",IF(AND($U35="TRF",$F35=""),"⚠ بانک مقصد",IF(AND($V35<>"NONE",$V35<>"",$Z35=""),"⚠ طرف حساب","✓"))))) -> 0 | U35: =IFERROR(VLOOKUP($D35,BankOpTbl,2,0),"") -> 0 | V35: =IFERROR(VLOOKUP($D35,BankOpTbl,3,0),"") -> 0 | W35: =IFERROR(VLOOKUP($D35,BankOpTbl,4,0),"") -> 0 | X35: =IF($E35="","",IFERROR(VLOOKUP($E35,BankTbl,4,0),"")) -> 0 | Y35: =IF($F35="","",IFERROR(VLOOKUP($F35,BankTbl,4,0),"")) -> 0 | Z35: =IF($B35="","",IF($V35="PICK",LEFT($N35,5),IF($V35="FIXED",$W35,IF($V35="CODE",$H35,"")))) -> 0
A36: =IF($B36="","",COUNTA($B$13:$B36)) -> 0 | I36: =IF($H36="","",IFERROR(VLOOKUP($H36,AcctTbl,2,0),"کد ناشناخته")) -> 0 | J36: =IF($H36="","",IFERROR(VLOOKUP($H36,AcctTbl,3,0),"")) -> 0 | O36: =IF($B36="",0,IF($U36="IN",N($M36),0)) -> 0 | P36: =IF($B36="",0,IF(OR($U36="OUT",$U36="TRF"),N($M36),0)) -> 0 | Q36: =IF($B36="",0,IF(OR($U36="OUT",$U36="TRF"),N($M36),0)) -> 0 | R36: =IF($B36="",0,IF($U36="IN",N($M36),0)) -> 0 | S36: =IF($B36="","",IF($M36="","⚠ مبلغ",IF($E36="","⚠ بانک عامل",IF(AND($U36="TRF",$F36=""),"⚠ بانک مقصد",IF(AND($V36<>"NONE",$V36<>"",$Z36=""),"⚠ طرف حساب","✓"))))) -> 0 | U36: =IFERROR(VLOOKUP($D36,BankOpTbl,2,0),"") -> 0 | V36: =IFERROR(VLOOKUP($D36,BankOpTbl,3,0),"") -> 0 | W36: =IFERROR(VLOOKUP($D36,BankOpTbl,4,0),"") -> 0 | X36: =IF($E36="","",IFERROR(VLOOKUP($E36,BankTbl,4,0),"")) -> 0 | Y36: =IF($F36="","",IFERROR(VLOOKUP($F36,BankTbl,4,0),"")) -> 0 | Z36: =IF($B36="","",IF($V36="PICK",LEFT($N36,5),IF($V36="FIXED",$W36,IF($V36="CODE",$H36,"")))) -> 0
... A152: =IF($B152="","",COUNTA($B$13:$B152)) -> 0 | I152: =IF($H152="","",IFERROR(VLOOKUP($H152,AcctTbl,2,0),"کد ناشناخته")) -> 0 | J152: =IF($H152="","",IFERROR(VLOOKUP($H152,AcctTbl,3,0),"")) -> 0 | O152: =IF($B152="",0,IF($U152="IN",N($M152),0)) -> 0 | P152: =IF($B152="",0,IF(OR($U152="OUT",$U152="TRF"),N($M152),0)) -> 0 | Q152: =IF($B152="",0,IF(OR($U152="OUT",$U152="TRF"),N($M152),0)) -> 0 | R152: =IF($B152="",0,IF($U152="IN",N($M152),0)) -> 0 | S152: =IF($B152="","",IF($M152="","⚠ مبلغ",IF($E152="","⚠ بانک عامل",IF(AND($U152="TRF",$F152=""),"⚠ بانک مقصد",IF(AND($V152<>"NONE",$V152<>"",$Z152=""),"⚠ طرف حساب","✓"))))) -> 0 | U152: =IFERROR(VLOOKUP($D152,BankOpTbl,2,0),"") -> 0 | V152: =IFERROR(VLOOKUP($D152,BankOpTbl,3,0),"") -> 0 | W152: =IFERROR(VLOOKUP($D152,BankOpTbl,4,0),"") -> 0 | X152: =IF($E152="","",IFERROR(VLOOKUP($E152,BankTbl,4,0),"")) -> 0 | Y152: =IF($F152="","",IFERROR(VLOOKUP($F152,BankTbl,4,0),"")) -> 0 | Z152: =IF($B152="","",IF($V152="PICK",LEFT($N152,5),IF($V152="FIXED",$W152,IF($V152="CODE",$H152,"")))) -> 0
A153: جمع کل | O153: =SUM(O12:O151) -> 0 | P153: =SUM(P12:P151) -> 0 | Q153: =SUM(Q12:Q151) -> 0 | R153: =SUM(R12:R151) -> 0 | S153: =IF(COUNTIF($S$13:$S$152,"⚠*")=0,"✓ تراز","⚠ بررسی") -> 0

Sheet Post
A9: تاریخ | B9: سند | C9: منبع | D9: کد حساب | E9: نام حساب | F9: گروه | G9: عملیات | H9: بانک | I9: بدهکار | J9: بستانکار | K9: ماه | L9: شرح | N9: بانک؟
A13: =IF(Txn!$B13="","",Txn!$B13) -> 0 | B13: =IF(Txn!$B13="","",Txn!$C13) -> 0 | C13: =IF(Txn!$B13="","","تراکنش بانکی") -> 0 | D13: =IF(Txn!$B13="","",IF(Txn!$X13="","",Txn!$X13)) -> 0 | E13: =IF($D13="","",IFERROR(VLOOKUP($D13,AcctTbl,2,0),"")) -> 0 | F13: =IF($D13="","",IFERROR(VLOOKUP($D13,AcctTbl,3,0),"")) -> 0 | G13: =IF(Txn!$B13="","",Txn!$D13) -> 0 | H13: =IF(Txn!$B13="","",Txn!$E13) -> 0 | I13: =IF(Txn!$B13="",0,Txn!$O13) -> 0 | J13: =IF(Txn!$B13="",0,Txn!$P13) -> 0 | K13: =IF($A13="","",IFERROR(VALUE(MID($A13,6,2)),"")) -> 0 | L13: =IF(Txn!$K13="","",Txn!$K13) -> 0 | N13: =IF($D13="",0,COUNTIF(BankAccts,$D13)) -> 0
A14: =IF(Txn!$B13="","",Txn!$B13) -> 0 | B14: =IF(Txn!$B13="","",Txn!$C13) -> 0 | C14: =IF(Txn!$B13="","","تراکنش بانکی") -> 0 | D14: =IF(Txn!$B13="","",IF(IF(Txn!$U13="TRF",Txn!$Y13,Txn!$Z13)="","",IF(Txn!$U13="TRF",Txn!$Y13,Txn!$Z13))) -> 0 | E14: =IF($D14="","",IFERROR(VLOOKUP($D14,AcctTbl,2,0),"")) -> 0 | F14: =IF($D14="","",IFERROR(VLOOKUP($D14,AcctTbl,3,0),"")) -> 0 | G14: =IF(Txn!$B13="","",Txn!$D13) -> 0 | H14: =IF(Txn!$B13="","",Txn!$E13) -> 0 | I14: =IF(Txn!$B13="",0,Txn!$Q13) -> 0 | J14: =IF(Txn!$B13="",0,Txn!$R13) -> 0 | K14: =IF($A14="","",IFERROR(VALUE(MID($A14,6,2)),"")) -> 0 | L14: =IF(Txn!$K13="","","طرف مقابل — "&Txn!$K13) -> 0 | N14: =IF($D14="",0,COUNTIF(BankAccts,$D14)) -> 0
A15: =IF(Txn!$B14="","",Txn!$B14) -> 0 | B15: =IF(Txn!$B14="","",Txn!$C14) -> 0 | C15: =IF(Txn!$B14="","","تراکنش بانکی") -> 0 | D15: =IF(Txn!$B14="","",IF(Txn!$X14="","",Txn!$X14)) -> 0 | E15: =IF($D15="","",IFERROR(VLOOKUP($D15,AcctTbl,2,0),"")) -> 0 | F15: =IF($D15="","",IFERROR(VLOOKUP($D15,AcctTbl,3,0),"")) -> 0 | G15: =IF(Txn!$B14="","",Txn!$D14) -> 0 | H15: =IF(Txn!$B14="","",Txn!$E14) -> 0 | I15: =IF(Txn!$B14="",0,Txn!$O14) -> 0 | J15: =IF(Txn!$B14="",0,Txn!$P14) -> 0 | K15: =IF($A15="","",IFERROR(VALUE(MID($A15,6,2)),"")) -> 0 | L15: =IF(Txn!$K14="","",Txn!$K14) -> 0 | N15: =IF($D15="",0,COUNTIF(BankAccts,$D15)) -> 0
A16: =IF(Txn!$B14="","",Txn!$B14) -> 0 | B16: =IF(Txn!$B14="","",Txn!$C14) -> 0 | C16: =IF(Txn!$B14="","","تراکنش بانکی") -> 0 | D16: =IF(Txn!$B14="","",IF(IF(Txn!$U14="TRF",Txn!$Y14,Txn!$Z14)="","",IF(Txn!$U14="TRF",Txn!$Y14,Txn!$Z14))) -> 0 | E16: =IF($D16="","",IFERROR(VLOOKUP($D16,AcctTbl,2,0),"")) -> 0 | F16: =IF($D16="","",IFERROR(VLOOKUP($D16,AcctTbl,3,0),"")) -> 0 | G16: =IF(Txn!$B14="","",Txn!$D14) -> 0 | H16: =IF(Txn!$B14="","",Txn!$E14) -> 0 | I16: =IF(Txn!$B14="",0,Txn!$Q14) -> 0 | J16: =IF(Txn!$B14="",0,Txn!$R14) -> 0 | K16: =IF($A16="","",IFERROR(VALUE(MID($A16,6,2)),"")) -> 0 | L16: =IF(Txn!$K14="","","طرف مقابل — "&Txn!$K14) -> 0 | N16: =IF($D16="",0,COUNTIF(BankAccts,$D16)) -> 0
A17: =IF(Txn!$B15="","",Txn!$B15) -> 0 | B17: =IF(Txn!$B15="","",Txn!$C15) -> 0 | C17: =IF(Txn!$B15="","","تراکنش بانکی") -> 0 | D17: =IF(Txn!$B15="","",IF(Txn!$X15="","",Txn!$X15)) -> 0 | E17: =IF($D17="","",IFERROR(VLOOKUP($D17,AcctTbl,2,0),"")) -> 0 | F17: =IF($D17="","",IFERROR(VLOOKUP($D17,AcctTbl,3,0),"")) -> 0 | G17: =IF(Txn!$B15="","",Txn!$D15) -> 0 | H17: =IF(Txn!$B15="","",Txn!$E15) -> 0 | I17: =IF(Txn!$B15="",0,Txn!$O15) -> 0 | J17: =IF(Txn!$B15="",0,Txn!$P15) -> 0 | K17: =IF($A17="","",IFERROR(VALUE(MID($A17,6,2)),"")) -> 0 | L17: =IF(Txn!$K15="","",Txn!$K15) -> 0 | N17: =IF($D17="",0,COUNTIF(BankAccts,$D17)) -> 0
A18: =IF(Txn!$B15="","",Txn!$B15) -> 0 | B18: =IF(Txn!$B15="","",Txn!$C15) -> 0 | C18: =IF(Txn!$B15="","","تراکنش بانکی") -> 0 | D18: =IF(Txn!$B15="","",IF(IF(Txn!$U15="TRF",Txn!$Y15,Txn!$Z15)="","",IF(Txn!$U15="TRF",Txn!$Y15,Txn!$Z15))) -> 0 | E18: =IF($D18="","",IFERROR(VLOOKUP($D18,AcctTbl,2,0),"")) -> 0 | F18: =IF($D18="","",IFERROR(VLOOKUP($D18,AcctTbl,3,0),"")) -> 0 | G18: =IF(Txn!$B15="","",Txn!$D15) -> 0 | H18: =IF(Txn!$B15="","",Txn!$E15) -> 0 | I18: =IF(Txn!$B15="",0,Txn!$Q15) -> 0 | J18: =IF(Txn!$B15="",0,Txn!$R15) -> 0 | K18: =IF($A18="","",IFERROR(VALUE(MID($A18,6,2)),"")) -> 0 | L18: =IF(Txn!$K15="","","طرف مقابل — "&Txn!$K15) -> 0 | N18: =IF($D18="",0,COUNTIF(BankAccts,$D18)) -> 0
A19: =IF(Txn!$B16="","",Txn!$B16) -> 0 | B19: =IF(Txn!$B16="","",Txn!$C16) -> 0 | C19: =IF(Txn!$B16="","","تراکنش بانکی") -> 0 | D19: =IF(Txn!$B16="","",IF(Txn!$X16="","",Txn!$X16)) -> 0 | E19: =IF($D19="","",IFERROR(VLOOKUP($D19,AcctTbl,2,0),"")) -> 0 | F19: =IF($D19="","",IFERROR(VLOOKUP($D19,AcctTbl,3,0),"")) -> 0 | G19: =IF(Txn!$B16="","",Txn!$D16) -> 0 | H19: =IF(Txn!$B16="","",Txn!$E16) -> 0 | I19: =IF(Txn!$B16="",0,Txn!$O16) -> 0 | J19: =IF(Txn!$B16="",0,Txn!$P16) -> 0 | K19: =IF($A19="","",IFERROR(VALUE(MID($A19,6,2)),"")) -> 0 | L19: =IF(Txn!$K16="","",Txn!$K16) -> 0 | N19: =IF($D19="",0,COUNTIF(BankAccts,$D19)) -> 0
A20: =IF(Txn!$B16="","",Txn!$B16) -> 0 | B20: =IF(Txn!$B16="","",Txn!$C16) -> 0 | C20: =IF(Txn!$B16="","","تراکنش بانکی") -> 0 | D20: =IF(Txn!$B16="","",IF(IF(Txn!$U16="TRF",Txn!$Y16,Txn!$Z16)="","",IF(Txn!$U16="TRF",Txn!$Y16,Txn!$Z16))) -> 0 | E20: =IF($D20="","",IFERROR(VLOOKUP($D20,AcctTbl,2,0),"")) -> 0 | F20: =IF($D20="","",IFERROR(VLOOKUP($D20,AcctTbl,3,0),"")) -> 0 | G20: =IF(Txn!$B16="","",Txn!$D16) -> 0 | H20: =IF(Txn!$B16="","",Txn!$E16) -> 0 | I20: =IF(Txn!$B16="",0,Txn!$Q16) -> 0 | J20: =IF(Txn!$B16="",0,Txn!$R16) -> 0 | K20: =IF($A20="","",IFERROR(VALUE(MID($A20,6,2)),"")) -> 0 | L20: =IF(Txn!$K16="","","طرف مقابل — "&Txn!$K16) -> 0 | N20: =IF($D20="",0,COUNTIF(BankAccts,$D20)) -> 0
A21: =IF(Txn!$B17="","",Txn!$B17) -> 0 | B21: =IF(Txn!$B17="","",Txn!$C17) -> 0 | C21: =IF(Txn!$B17="","","تراکنش بانکی") -> 0 | D21: =IF(Txn!$B17="","",IF(Txn!$X17="","",Txn!$X17)) -> 0 | E21: =IF($D21="","",IFERROR(VLOOKUP($D21,AcctTbl,2,0),"")) -> 0 | F21: =IF($D21="","",IFERROR(VLOOKUP($D21,AcctTbl,3,0),"")) -> 0 | G21: =IF(Txn!$B17="","",Txn!$D17) -> 0 | H21: =IF(Txn!$B17="","",Txn!$E17) -> 0 | I21: =IF(Txn!$B17="",0,Txn!$O17) -> 0 | J21: =IF(Txn!$B17="",0,Txn!$P17) -> 0 | K21: =IF($A21="","",IFERROR(VALUE(MID($A21,6,2)),"")) -> 0 | L21: =IF(Txn!$K17="","",Txn!$K17) -> 0 | N21: =IF($D21="",0,COUNTIF(BankAccts,$D21)) -> 0
A22: =IF(Txn!$B17="","",Txn!$B17) -> 0 | B22: =IF(Txn!$B17="","",Txn!$C17) -> 0 | C22: =IF(Txn!$B17="","","تراکنش بانکی") -> 0 | D22: =IF(Txn!$B17="","",IF(IF(Txn!$U17="TRF",Txn!$Y17,Txn!$Z17)="","",IF(Txn!$U17="TRF",Txn!$Y17,Txn!$Z17))) -> 0 | E22: =IF($D22="","",IFERROR(VLOOKUP($D22,AcctTbl,2,0),"")) -> 0 | F22: =IF($D22="","",IFERROR(VLOOKUP($D22,AcctTbl,3,0),"")) -> 0 | G22: =IF(Txn!$B17="","",Txn!$D17) -> 0 | H22: =IF(Txn!$B17="","",Txn!$E17) -> 0 | I22: =IF(Txn!$B17="",0,Txn!$Q17) -> 0 | J22: =IF(Txn!$B17="",0,Txn!$R17) -> 0 | K22: =IF($A22="","",IFERROR(VALUE(MID($A22,6,2)),"")) -> 0 | L22: =IF(Txn!$K17="","","طرف مقابل — "&Txn!$K17) -> 0 | N22: =IF($D22="",0,COUNTIF(BankAccts,$D22)) -> 0
A23: =IF(Txn!$B18="","",Txn!$B18) -> 0 | B23: =IF(Txn!$B18="","",Txn!$C18) -> 0 | C23: =IF(Txn!$B18="","","تراکنش بانکی") -> 0 | D23: =IF(Txn!$B18="","",IF(Txn!$X18="","",Txn!$X18)) -> 0 | E23: =IF($D23="","",IFERROR(VLOOKUP($D23,AcctTbl,2,0),"")) -> 0 | F23: =IF($D23="","",IFERROR(VLOOKUP($D23,AcctTbl,3,0),"")) -> 0 | G23: =IF(Txn!$B18="","",Txn!$D18) -> 0 | H23: =IF(Txn!$B18="","",Txn!$E18) -> 0 | I23: =IF(Txn!$B18="",0,Txn!$O18) -> 0 | J23: =IF(Txn!$B18="",0,Txn!$P18) -> 0 | K23: =IF($A23="","",IFERROR(VALUE(MID($A23,6,2)),"")) -> 0 | L23: =IF(Txn!$K18="","",Txn!$K18) -> 0 | N23: =IF($D23="",0,COUNTIF(BankAccts,$D23)) -> 0
A24: =IF(Txn!$B18="","",Txn!$B18) -> 0 | B24: =IF(Txn!$B18="","",Txn!$C18) -> 0 | C24: =IF(Txn!$B18="","","تراکنش بانکی") -> 0 | D24: =IF(Txn!$B18="","",IF(IF(Txn!$U18="TRF",Txn!$Y18,Txn!$Z18)="","",IF(Txn!$U18="TRF",Txn!$Y18,Txn!$Z18))) -> 0 | E24: =IF($D24="","",IFERROR(VLOOKUP($D24,AcctTbl,2,0),"")) -> 0 | F24: =IF($D24="","",IFERROR(VLOOKUP($D24,AcctTbl,3,0),"")) -> 0 | G24: =IF(Txn!$B18="","",Txn!$D18) -> 0 | H24: =IF(Txn!$B18="","",Txn!$E18) -> 0 | I24: =IF(Txn!$B18="",0,Txn!$Q18) -> 0 | J24: =IF(Txn!$B18="",0,Txn!$R18) -> 0 | K24: =IF($A24="","",IFERROR(VALUE(MID($A24,6,2)),"")) -> 0 | L24: =IF(Txn!$K18="","","طرف مقابل — "&Txn!$K18) -> 0 | N24: =IF($D24="",0,COUNTIF(BankAccts,$D24)) -> 0
A25: =IF(Txn!$B19="","",Txn!$B19) -> 0 | B25: =IF(Txn!$B19="","",Txn!$C19) -> 0 | C25: =IF(Txn!$B19="","","تراکنش بانکی") -> 0 | D25: =IF(Txn!$B19="","",IF(Txn!$X19="","",Txn!$X19)) -> 0 | E25: =IF($D25="","",IFERROR(VLOOKUP($D25,AcctTbl,2,0),"")) -> 0 | F25: =IF($D25="","",IFERROR(VLOOKUP($D25,AcctTbl,3,0),"")) -> 0 | G25: =IF(Txn!$B19="","",Txn!$D19) -> 0 | H25: =IF(Txn!$B19="","",Txn!$E19) -> 0 | I25: =IF(Txn!$B19="",0,Txn!$O19) -> 0 | J25: =IF(Txn!$B19="",0,Txn!$P19) -> 0 | K25: =IF($A25="","",IFERROR(VALUE(MID($A25,6,2)),"")) -> 0 | L25: =IF(Txn!$K19="","",Txn!$K19) -> 0 | N25: =IF($D25="",0,COUNTIF(BankAccts,$D25)) -> 0
A26: =IF(Txn!$B19="","",Txn!$B19) -> 0 | B26: =IF(Txn!$B19="","",Txn!$C19) -> 0 | C26: =IF(Txn!$B19="","","تراکنش بانکی") -> 0 | D26: =IF(Txn!$B19="","",IF(IF(Txn!$U19="TRF",Txn!$Y19,Txn!$Z19)="","",IF(Txn!$U19="TRF",Txn!$Y19,Txn!$Z19))) -> 0 | E26: =IF($D26="","",IFERROR(VLOOKUP($D26,AcctTbl,2,0),"")) -> 0 | F26: =IF($D26="","",IFERROR(VLOOKUP($D26,AcctTbl,3,0),"")) -> 0 | G26: =IF(Txn!$B19="","",Txn!$D19) -> 0 | H26: =IF(Txn!$B19="","",Txn!$E19) -> 0 | I26: =IF(Txn!$B19="",0,Txn!$Q19) -> 0 | J26: =IF(Txn!$B19="",0,Txn!$R19) -> 0 | K26: =IF($A26="","",IFERROR(VALUE(MID($A26,6,2)),"")) -> 0 | L26: =IF(Txn!$K19="","","طرف مقابل — "&Txn!$K19) -> 0 | N26: =IF($D26="",0,COUNTIF(BankAccts,$D26)) -> 0
A27: =IF(Txn!$B20="","",Txn!$B20) -> 0 | B27: =IF(Txn!$B20="","",Txn!$C20) -> 0 | C27: =IF(Txn!$B20="","","تراکنش بانکی") -> 0 | D27: =IF(Txn!$B20="","",IF(Txn!$X20="","",Txn!$X20)) -> 0 | E27: =IF($D27="","",IFERROR(VLOOKUP($D27,AcctTbl,2,0),"")) -> 0 | F27: =IF($D27="","",IFERROR(VLOOKUP($D27,AcctTbl,3,0),"")) -> 0 | G27: =IF(Txn!$B20="","",Txn!$D20) -> 0 | H27: =IF(Txn!$B20="","",Txn!$E20) -> 0 | I27: =IF(Txn!$B20="",0,Txn!$O20) -> 0 | J27: =IF(Txn!$B20="",0,Txn!$P20) -> 0 | K27: =IF($A27="","",IFERROR(VALUE(MID($A27,6,2)),"")) -> 0 | L27: =IF(Txn!$K20="","",Txn!$K20) -> 0 | N27: =IF($D27="",0,COUNTIF(BankAccts,$D27)) -> 0
A28: =IF(Txn!$B20="","",Txn!$B20) -> 0 | B28: =IF(Txn!$B20="","",Txn!$C20) -> 0 | C28: =IF(Txn!$B20="","","تراکنش بانکی") -> 0 | D28: =IF(Txn!$B20="","",IF(IF(Txn!$U20="TRF",Txn!$Y20,Txn!$Z20)="","",IF(Txn!$U20="TRF",Txn!$Y20,Txn!$Z20))) -> 0 | E28: =IF($D28="","",IFERROR(VLOOKUP($D28,AcctTbl,2,0),"")) -> 0 | F28: =IF($D28="","",IFERROR(VLOOKUP($D28,AcctTbl,3,0),"")) -> 0 | G28: =IF(Txn!$B20="","",Txn!$D20) -> 0 | H28: =IF(Txn!$B20="","",Txn!$E20) -> 0 | I28: =IF(Txn!$B20="",0,Txn!$Q20) -> 0 | J28: =IF(Txn!$B20="",0,Txn!$R20) -> 0 | K28: =IF($A28="","",IFERROR(VALUE(MID($A28,6,2)),"")) -> 0 | L28: =IF(Txn!$K20="","","طرف مقابل — "&Txn!$K20) -> 0 | N28: =IF($D28="",0,COUNTIF(BankAccts,$D28)) -> 0
A29: =IF(Txn!$B21="","",Txn!$B21) -> 0 | B29: =IF(Txn!$B21="","",Txn!$C21) -> 0 | C29: =IF(Txn!$B21="","","تراکنش بانکی") -> 0 | D29: =IF(Txn!$B21="","",IF(Txn!$X21="","",Txn!$X21)) -> 0 | E29: =IF($D29="","",IFERROR(VLOOKUP($D29,AcctTbl,2,0),"")) -> 0 | F29: =IF($D29="","",IFERROR(VLOOKUP($D29,AcctTbl,3,0),"")) -> 0 | G29: =IF(Txn!$B21="","",Txn!$D21) -> 0 | H29: =IF(Txn!$B21="","",Txn!$E21) -> 0 | I29: =IF(Txn!$B21="",0,Txn!$O21) -> 0 | J29: =IF(Txn!$B21="",0,Txn!$P21) -> 0 | K29: =IF($A29="","",IFERROR(VALUE(MID($A29,6,2)),"")) -> 0 | L29: =IF(Txn!$K21="","",Txn!$K21) -> 0 | N29: =IF($D29="",0,COUNTIF(BankAccts,$D29)) -> 0
A30: =IF(Txn!$B21="","",Txn!$B21) -> 0 | B30: =IF(Txn!$B21="","",Txn!$C21) -> 0 | C30: =IF(Txn!$B21="","","تراکنش بانکی") -> 0 | D30: =IF(Txn!$B21="","",IF(IF(Txn!$U21="TRF",Txn!$Y21,Txn!$Z21)="","",IF(Txn!$U21="TRF",Txn!$Y21,Txn!$Z21))) -> 0 | E30: =IF($D30="","",IFERROR(VLOOKUP($D30,AcctTbl,2,0),"")) -> 0 | F30: =IF($D30="","",IFERROR(VLOOKUP($D30,AcctTbl,3,0),"")) -> 0 | G30: =IF(Txn!$B21="","",Txn!$D21) -> 0 | H30: =IF(Txn!$B21="","",Txn!$E21) -> 0 | I30: =IF(Txn!$B21="",0,Txn!$Q21) -> 0 | J30: =IF(Txn!$B21="",0,Txn!$R21) -> 0 | K30: =IF($A30="","",IFERROR(VALUE(MID($A30,6,2)),"")) -> 0 | L30: =IF(Txn!$K21="","","طرف مقابل — "&Txn!$K21) -> 0 | N30: =IF($D30="",0,COUNTIF(BankAccts,$D30)) -> 0
A31: =IF(Txn!$B22="","",Txn!$B22) -> 0 | B31: =IF(Txn!$B22="","",Txn!$C22) -> 0 | C31: =IF(Txn!$B22="","","تراکنش بانکی") -> 0 | D31: =IF(Txn!$B22="","",IF(Txn!$X22="","",Txn!$X22)) -> 0 | E31: =IF($D31="","",IFERROR(VLOOKUP($D31,AcctTbl,2,0),"")) -> 0 | F31: =IF($D31="","",IFERROR(VLOOKUP($D31,AcctTbl,3,0),"")) -> 0 | G31: =IF(Txn!$B22="","",Txn!$D22) -> 0 | H31: =IF(Txn!$B22="","",Txn!$E22) -> 0 | I31: =IF(Txn!$B22="",0,Txn!$O22) -> 0 | J31: =IF(Txn!$B22="",0,Txn!$P22) -> 0 | K31: =IF($A31="","",IFERROR(VALUE(MID($A31,6,2)),"")) -> 0 | L31: =IF(Txn!$K22="","",Txn!$K22) -> 0 | N31: =IF($D31="",0,COUNTIF(BankAccts,$D31)) -> 0
A32: =IF(Txn!$B22="","",Txn!$B22) -> 0 | B32: =IF(Txn!$B22="","",Txn!$C22) -> 0 | C32: =IF(Txn!$B22="","","تراکنش بانکی") -> 0 | D32: =IF(Txn!$B22="","",IF(IF(Txn!$U22="TRF",Txn!$Y22,Txn!$Z22)="","",IF(Txn!$U22="TRF",Txn!$Y22,Txn!$Z22))) -> 0 | E32: =IF($D32="","",IFERROR(VLOOKUP($D32,AcctTbl,2,0),"")) -> 0 | F32: =IF($D32="","",IFERROR(VLOOKUP($D32,AcctTbl,3,0),"")) -> 0 | G32: =IF(Txn!$B22="","",Txn!$D22) -> 0 | H32: =IF(Txn!$B22="","",Txn!$E22) -> 0 | I32: =IF(Txn!$B22="",0,Txn!$Q22) -> 0 | J32: =IF(Txn!$B22="",0,Txn!$R22) -> 0 | K32: =IF($A32="","",IFERROR(VALUE(MID($A32,6,2)),"")) -> 0 | L32: =IF(Txn!$K22="","","طرف مقابل — "&Txn!$K22) -> 0 | N32: =IF($D32="",0,COUNTIF(BankAccts,$D32)) -> 0
A33: =IF(Txn!$B23="","",Txn!$B23) -> 0 | B33: =IF(Txn!$B23="","",Txn!$C23) -> 0 | C33: =IF(Txn!$B23="","","تراکنش بانکی") -> 0 | D33: =IF(Txn!$B23="","",IF(Txn!$X23="","",Txn!$X23)) -> 0 | E33: =IF($D33="","",IFERROR(VLOOKUP($D33,AcctTbl,2,0),"")) -> 0 | F33: =IF($D33="","",IFERROR(VLOOKUP($D33,AcctTbl,3,0),"")) -> 0 | G33: =IF(Txn!$B23="","",Txn!$D23) -> 0 | H33: =IF(Txn!$B23="","",Txn!$E23) -> 0 | I33: =IF(Txn!$B23="",0,Txn!$O23) -> 0 | J33: =IF(Txn!$B23="",0,Txn!$P23) -> 0 | K33: =IF($A33="","",IFERROR(VALUE(MID($A33,6,2)),"")) -> 0 | L33: =IF(Txn!$K23="","",Txn!$K23) -> 0 | N33: =IF($D33="",0,COUNTIF(BankAccts,$D33)) -> 0
A34: =IF(Txn!$B23="","",Txn!$B23) -> 0 | B34: =IF(Txn!$B23="","",Txn!$C23) -> 0 | C34: =IF(Txn!$B23="","","تراکنش بانکی") -> 0 | D34: =IF(Txn!$B23="","",IF(IF(Txn!$U23="TRF",Txn!$Y23,Txn!$Z23)="","",IF(Txn!$U23="TRF",Txn!$Y23,Txn!$Z23))) -> 0 | E34: =IF($D34="","",IFERROR(VLOOKUP($D34,AcctTbl,2,0),"")) -> 0 | F34: =IF($D34="","",IFERROR(VLOOKUP($D34,AcctTbl,3,0),"")) -> 0 | G34: =IF(Txn!$B23="","",Txn!$D23) -> 0 | H34: =IF(Txn!$B23="","",Txn!$E23) -> 0 | I34: =IF(Txn!$B23="",0,Txn!$Q23) -> 0 | J34: =IF(Txn!$B23="",0,Txn!$R23) -> 0 | K34: =IF($A34="","",IFERROR(VALUE(MID($A34,6,2)),"")) -> 0 | L34: =IF(Txn!$K23="","","طرف مقابل — "&Txn!$K23) -> 0 | N34: =IF($D34="",0,COUNTIF(BankAccts,$D34)) -> 0
A35: =IF(Txn!$B24="","",Txn!$B24) -> 0 | B35: =IF(Txn!$B24="","",Txn!$C24) -> 0 | C35: =IF(Txn!$B24="","","تراکنش بانکی") -> 0 | D35: =IF(Txn!$B24="","",IF(Txn!$X24="","",Txn!$X24)) -> 0 | E35: =IF($D35="","",IFERROR(VLOOKUP($D35,AcctTbl,2,0),"")) -> 0 | F35: =IF($D35="","",IFERROR(VLOOKUP($D35,AcctTbl,3,0),"")) -> 0 | G35: =IF(Txn!$B24="","",Txn!$D24) -> 0 | H35: =IF(Txn!$B24="","",Txn!$E24) -> 0 | I35: =IF(Txn!$B24="",0,Txn!$O24) -> 0 | J35: =IF(Txn!$B24="",0,Txn!$P24) -> 0 | K35: =IF($A35="","",IFERROR(VALUE(MID($A35,6,2)),"")) -> 0 | L35: =IF(Txn!$K24="","",Txn!$K24) -> 0 | N35: =IF($D35="",0,COUNTIF(BankAccts,$D35)) -> 0
A36: =IF(Txn!$B24="","",Txn!$B24) -> 0 | B36: =IF(Txn!$B24="","",Txn!$C24) -> 0 | C36: =IF(Txn!$B24="","","تراکنش بانکی") -> 0 | D36: =IF(Txn!$B24="","",IF(IF(Txn!$U24="TRF",Txn!$Y24,Txn!$Z24)="","",IF(Txn!$U24="TRF",Txn!$Y24,Txn!$Z24))) -> 0 | E36: =IF($D36="","",IFERROR(VLOOKUP($D36,AcctTbl,2,0),"")) -> 0 | F36: =IF($D36="","",IFERROR(VLOOKUP($D36,AcctTbl,3,0),"")) -> 0 | G36: =IF(Txn!$B24="","",Txn!$D24) -> 0 | H36: =IF(Txn!$B24="","",Txn!$E24) -> 0 | I36: =IF(Txn!$B24="",0,Txn!$Q24) -> 0 | J36: =IF(Txn!$B24="",0,Txn!$R24) -> 0 | K36: =IF($A36="","",IFERROR(VALUE(MID($A36,6,2)),"")) -> 0 | L36: =IF(Txn!$K24="","","طرف مقابل — "&Txn!$K24) -> 0 | N36: =IF($D36="",0,COUNTIF(BankAccts,$D36)) -> 0
A37: =IF(Txn!$B25="","",Txn!$B25) -> 0 | B37: =IF(Txn!$B25="","",Txn!$C25) -> 0 | C37: =IF(Txn!$B25="","","تراکنش بانکی") -> 0 | D37: =IF(Txn!$B25="","",IF(Txn!$X25="","",Txn!$X25)) -> 0 | E37: =IF($D37="","",IFERROR(VLOOKUP($D37,AcctTbl,2,0),"")) -> 0 | F37: =IF($D37="","",IFERROR(VLOOKUP($D37,AcctTbl,3,0),"")) -> 0 | G37: =IF(Txn!$B25="","",Txn!$D25) -> 0 | H37: =IF(Txn!$B25="","",Txn!$E25) -> 0 | I37: =IF(Txn!$B25="",0,Txn!$O25) -> 0 | J37: =IF(Txn!$B25="",0,Txn!$P25) -> 0 | K37: =IF($A37="","",IFERROR(VALUE(MID($A37,6,2)),"")) -> 0 | L37: =IF(Txn!$K25="","",Txn!$K25) -> 0 | N37: =IF($D37="",0,COUNTIF(BankAccts,$D37)) -> 0
A38: =IF(Txn!$B25="","",Txn!$B25) -> 0 | B38: =IF(Txn!$B25="","",Txn!$C25) -> 0 | C38: =IF(Txn!$B25="","","تراکنش بانکی") -> 0 | D38: =IF(Txn!$B25="","",IF(IF(Txn!$U25="TRF",Txn!$Y25,Txn!$Z25)="","",IF(Txn!$U25="TRF",Txn!$Y25,Txn!$Z25))) -> 0 | E38: =IF($D38="","",IFERROR(VLOOKUP($D38,AcctTbl,2,0),"")) -> 0 | F38: =IF($D38="","",IFERROR(VLOOKUP($D38,AcctTbl,3,0),"")) -> 0 | G38: =IF(Txn!$B25="","",Txn!$D25) -> 0 | H38: =IF(Txn!$B25="","",Txn!$E25) -> 0 | I38: =IF(Txn!$B25="",0,Txn!$Q25) -> 0 | J38: =IF(Txn!$B25="",0,Txn!$R25) -> 0 | K38: =IF($A38="","",IFERROR(VALUE(MID($A38,6,2)),"")) -> 0 | L38: =IF(Txn!$K25="","","طرف مقابل — "&Txn!$K25) -> 0 | N38: =IF($D38="",0,COUNTIF(BankAccts,$D38)) -> 0
A39: =IF(Txn!$B26="","",Txn!$B26) -> 0 | B39: =IF(Txn!$B26="","",Txn!$C26) -> 0 | C39: =IF(Txn!$B26="","","تراکنش بانکی") -> 0 | D39: =IF(Txn!$B26="","",IF(Txn!$X26="","",Txn!$X26)) -> 0 | E39: =IF($D39="","",IFERROR(VLOOKUP($D39,AcctTbl,2,0),"")) -> 0 | F39: =IF($D39="","",IFERROR(VLOOKUP($D39,AcctTbl,3,0),"")) -> 0 | G39: =IF(Txn!$B26="","",Txn!$D26) -> 0 | H39: =IF(Txn!$B26="","",Txn!$E26) -> 0 | I39: =IF(Txn!$B26="",0,Txn!$O26) -> 0 | J39: =IF(Txn!$B26="",0,Txn!$P26) -> 0 | K39: =IF($A39="","",IFERROR(VALUE(MID($A39,6,2)),"")) -> 0 | L39: =IF(Txn!$K26="","",Txn!$K26) -> 0 | N39: =IF($D39="",0,COUNTIF(BankAccts,$D39)) -> 0
A40: =IF(Txn!$B26="","",Txn!$B26) -> 0 | B40: =IF(Txn!$B26="","",Txn!$C26) -> 0 | C40: =IF(Txn!$B26="","","تراکنش بانکی") -> 0 | D40: =IF(Txn!$B26="","",IF(IF(Txn!$U26="TRF",Txn!$Y26,Txn!$Z26)="","",IF(Txn!$U26="TRF",Txn!$Y26,Txn!$Z26))) -> 0 | E40: =IF($D40="","",IFERROR(VLOOKUP($D40,AcctTbl,2,0),"")) -> 0 | F40: =IF($D40="","",IFERROR(VLOOKUP($D40,AcctTbl,3,0),"")) -> 0 | G40: =IF(Txn!$B26="","",Txn!$D26) -> 0 | H40: =IF(Txn!$B26="","",Txn!$E26) -> 0 | I40: =IF(Txn!$B26="",0,Txn!$Q26) -> 0 | J40: =IF(Txn!$B26="",0,Txn!$R26) -> 0 | K40: =IF($A40="","",IFERROR(VALUE(MID($A40,6,2)),"")) -> 0 | L40: =IF(Txn!$K26="","","طرف مقابل — "&Txn!$K26) -> 0 | N40: =IF($D40="",0,COUNTIF(BankAccts,$D40)) -> 0
A41: =IF(Txn!$B27="","",Txn!$B27) -> 0 | B41: =IF(Txn!$B27="","",Txn!$C27) -> 0 | C41: =IF(Txn!$B27="","","تراکنش بانکی") -> 0 | D41: =IF(Txn!$B27="","",IF(Txn!$X27="","",Txn!$X27)) -> 0 | E41: =IF($D41="","",IFERROR(VLOOKUP($D41,AcctTbl,2,0),"")) -> 0 | F41: =IF($D41="","",IFERROR(VLOOKUP($D41,AcctTbl,3,0),"")) -> 0 | G41: =IF(Txn!$B27="","",Txn!$D27) -> 0 | H41: =IF(Txn!$B27="","",Txn!$E27) -> 0 | I41: =IF(Txn!$B27="",0,Txn!$O27) -> 0 | J41: =IF(Txn!$B27="",0,Txn!$P27) -> 0 | K41: =IF($A41="","",IFERROR(VALUE(MID($A41,6,2)),"")) -> 0 | L41: =IF(Txn!$K27="","",Txn!$K27) -> 0 | N41: =IF($D41="",0,COUNTIF(BankAccts,$D41)) -> 0
A42: =IF(Txn!$B27="","",Txn!$B27) -> 0 | B42: =IF(Txn!$B27="","",Txn!$C27) -> 0 | C42: =IF(Txn!$B27="","","تراکنش بانکی") -> 0 | D42: =IF(Txn!$B27="","",IF(IF(Txn!$U27="TRF",Txn!$Y27,Txn!$Z27)="","",IF(Txn!$U27="TRF",Txn!$Y27,Txn!$Z27))) -> 0 | E42: =IF($D42="","",IFERROR(VLOOKUP($D42,AcctTbl,2,0),"")) -> 0 | F42: =IF($D42="","",IFERROR(VLOOKUP($D42,AcctTbl,3,0),"")) -> 0 | G42: =IF(Txn!$B27="","",Txn!$D27) -> 0 | H42: =IF(Txn!$B27="","",Txn!$E27) -> 0 | I42: =IF(Txn!$B27="",0,Txn!$Q27) -> 0 | J42: =IF(Txn!$B27="",0,Txn!$R27) -> 0 | K42: =IF($A42="","",IFERROR(VALUE(MID($A42,6,2)),"")) -> 0 | L42: =IF(Txn!$K27="","","طرف مقابل — "&Txn!$K27) -> 0 | N42: =IF($D42="",0,COUNTIF(BankAccts,$D42)) -> 0
A43: =IF(Txn!$B28="","",Txn!$B28) -> 0 | B43: =IF(Txn!$B28="","",Txn!$C28) -> 0 | C43: =IF(Txn!$B28="","","تراکنش بانکی") -> 0 | D43: =IF(Txn!$B28="","",IF(Txn!$X28="","",Txn!$X28)) -> 0 | E43: =IF($D43="","",IFERROR(VLOOKUP($D43,AcctTbl,2,0),"")) -> 0 | F43: =IF($D43="","",IFERROR(VLOOKUP($D43,AcctTbl,3,0),"")) -> 0 | G43: =IF(Txn!$B28="","",Txn!$D28) -> 0 | H43: =IF(Txn!$B28="","",Txn!$E28) -> 0 | I43: =IF(Txn!$B28="",0,Txn!$O28) -> 0 | J43: =IF(Txn!$B28="",0,Txn!$P28) -> 0 | K43: =IF($A43="","",IFERROR(VALUE(MID($A43,6,2)),"")) -> 0 | L43: =IF(Txn!$K28="","",Txn!$K28) -> 0 | N43: =IF($D43="",0,COUNTIF(BankAccts,$D43)) -> 0
A44: =IF(Txn!$B28="","",Txn!$B28) -> 0 | B44: =IF(Txn!$B28="","",Txn!$C28) -> 0 | C44: =IF(Txn!$B28="","","تراکنش بانکی") -> 0 | D44: =IF(Txn!$B28="","",IF(IF(Txn!$U28="TRF",Txn!$Y28,Txn!$Z28)="","",IF(Txn!$U28="TRF",Txn!$Y28,Txn!$Z28))) -> 0 | E44: =IF($D44="","",IFERROR(VLOOKUP($D44,AcctTbl,2,0),"")) -> 0 | F44: =IF($D44="","",IFERROR(VLOOKUP($D44,AcctTbl,3,0),"")) -> 0 | G44: =IF(Txn!$B28="","",Txn!$D28) -> 0 | H44: =IF(Txn!$B28="","",Txn!$E28) -> 0 | I44: =IF(Txn!$B28="",0,Txn!$Q28) -> 0 | J44: =IF(Txn!$B28="",0,Txn!$R28) -> 0 | K44: =IF($A44="","",IFERROR(VALUE(MID($A44,6,2)),"")) -> 0 | L44: =IF(Txn!$K28="","","طرف مقابل — "&Txn!$K28) -> 0 | N44: =IF($D44="",0,COUNTIF(BankAccts,$D44)) -> 0
A45: =IF(Txn!$B29="","",Txn!$B29) -> 0 | B45: =IF(Txn!$B29="","",Txn!$C29) -> 0 | C45: =IF(Txn!$B29="","","تراکنش بانکی") -> 0 | D45: =IF(Txn!$B29="","",IF(Txn!$X29="","",Txn!$X29)) -> 0 | E45: =IF($D45="","",IFERROR(VLOOKUP($D45,AcctTbl,2,0),"")) -> 0 | F45: =IF($D45="","",IFERROR(VLOOKUP($D45,AcctTbl,3,0),"")) -> 0 | G45: =IF(Txn!$B29="","",Txn!$D29) -> 0 | H45: =IF(Txn!$B29="","",Txn!$E29) -> 0 | I45: =IF(Txn!$B29="",0,Txn!$O29) -> 0 | J45: =IF(Txn!$B29="",0,Txn!$P29) -> 0 | K45: =IF($A45="","",IFERROR(VALUE(MID($A45,6,2)),"")) -> 0 | L45: =IF(Txn!$K29="","",Txn!$K29) -> 0 | N45: =IF($D45="",0,COUNTIF(BankAccts,$D45)) -> 0
A46: =IF(Txn!$B29="","",Txn!$B29) -> 0 | B46: =IF(Txn!$B29="","",Txn!$C29) -> 0 | C46: =IF(Txn!$B29="","","تراکنش بانکی") -> 0 | D46: =IF(Txn!$B29="","",IF(IF(Txn!$U29="TRF",Txn!$Y29,Txn!$Z29)="","",IF(Txn!$U29="TRF",Txn!$Y29,Txn!$Z29))) -> 0 | E46: =IF($D46="","",IFERROR(VLOOKUP($D46,AcctTbl,2,0),"")) -> 0 | F46: =IF($D46="","",IFERROR(VLOOKUP($D46,AcctTbl,3,0),"")) -> 0 | G46: =IF(Txn!$B29="","",Txn!$D29) -> 0 | H46: =IF(Txn!$B29="","",Txn!$E29) -> 0 | I46: =IF(Txn!$B29="",0,Txn!$Q29) -> 0 | J46: =IF(Txn!$B29="",0,Txn!$R29) -> 0 | K46: =IF($A46="","",IFERROR(VALUE(MID($A46,6,2)),"")) -> 0 | L46: =IF(Txn!$K29="","","طرف مقابل — "&Txn!$K29) -> 0 | N46: =IF($D46="",0,COUNTIF(BankAccts,$D46)) -> 0
A47: =IF(Txn!$B30="","",Txn!$B30) -> 0 | B47: =IF(Txn!$B30="","",Txn!$C30) -> 0 | C47: =IF(Txn!$B30="","","تراکنش بانکی") -> 0 | D47: =IF(Txn!$B30="","",IF(Txn!$X30="","",Txn!$X30)) -> 0 | E47: =IF($D47="","",IFERROR(VLOOKUP($D47,AcctTbl,2,0),"")) -> 0 | F47: =IF($D47="","",IFERROR(VLOOKUP($D47,AcctTbl,3,0),"")) -> 0 | G47: =IF(Txn!$B30="","",Txn!$D30) -> 0 | H47: =IF(Txn!$B30="","",Txn!$E30) -> 0 | I47: =IF(Txn!$B30="",0,Txn!$O30) -> 0 | J47: =IF(Txn!$B30="",0,Txn!$P30) -> 0 | K47: =IF($A47="","",IFERROR(VALUE(MID($A47,6,2)),"")) -> 0 | L47: =IF(Txn!$K30="","",Txn!$K30) -> 0 | N47: =IF($D47="",0,COUNTIF(BankAccts,$D47)) -> 0
A48: =IF(Txn!$B30="","",Txn!$B30) -> 0 | B48: =IF(Txn!$B30="","",Txn!$C30) -> 0 | C48: =IF(Txn!$B30="","","تراکنش بانکی") -> 0 | D48: =IF(Txn!$B30="","",IF(IF(Txn!$U30="TRF",Txn!$Y30,Txn!$Z30)="","",IF(Txn!$U30="TRF",Txn!$Y30,Txn!$Z30))) -> 0 | E48: =IF($D48="","",IFERROR(VLOOKUP($D48,AcctTbl,2,0),"")) -> 0 | F48: =IF($D48="","",IFERROR(VLOOKUP($D48,AcctTbl,3,0),"")) -> 0 | G48: =IF(Txn!$B30="","",Txn!$D30) -> 0 | H48: =IF(Txn!$B30="","",Txn!$E30) -> 0 | I48: =IF(Txn!$B30="",0,Txn!$Q30) -> 0 | J48: =IF(Txn!$B30="",0,Txn!$R30) -> 0 | K48: =IF($A48="","",IFERROR(VALUE(MID($A48,6,2)),"")) -> 0 | L48: =IF(Txn!$K30="","","طرف مقابل — "&Txn!$K30) -> 0 | N48: =IF($D48="",0,COUNTIF(BankAccts,$D48)) -> 0
A49: =IF(Txn!$B31="","",Txn!$B31) -> 0 | B49: =IF(Txn!$B31="","",Txn!$C31) -> 0 | C49: =IF(Txn!$B31="","","تراکنش بانکی") -> 0 | D49: =IF(Txn!$B31="","",IF(Txn!$X31="","",Txn!$X31)) -> 0 | E49: =IF($D49="","",IFERROR(VLOOKUP($D49,AcctTbl,2,0),"")) -> 0 | F49: =IF($D49="","",IFERROR(VLOOKUP($D49,AcctTbl,3,0),"")) -> 0 | G49: =IF(Txn!$B31="","",Txn!$D31) -> 0 | H49: =IF(Txn!$B31="","",Txn!$E31) -> 0 | I49: =IF(Txn!$B31="",0,Txn!$O31) -> 0 | J49: =IF(Txn!$B31="",0,Txn!$P31) -> 0 | K49: =IF($A49="","",IFERROR(VALUE(MID($A49,6,2)),"")) -> 0 | L49: =IF(Txn!$K31="","",Txn!$K31) -> 0 | N49: =IF($D49="",0,COUNTIF(BankAccts,$D49)) -> 0
A50: =IF(Txn!$B31="","",Txn!$B31) -> 0 | B50: =IF(Txn!$B31="","",Txn!$C31) -> 0 | C50: =IF(Txn!$B31="","","تراکنش بانکی") -> 0 | D50: =IF(Txn!$B31="","",IF(IF(Txn!$U31="TRF",Txn!$Y31,Txn!$Z31)="","",IF(Txn!$U31="TRF",Txn!$Y31,Txn!$Z31))) -> 0 | E50: =IF($D50="","",IFERROR(VLOOKUP($D50,AcctTbl,2,0),"")) -> 0 | F50: =IF($D50="","",IFERROR(VLOOKUP($D50,AcctTbl,3,0),"")) -> 0 | G50: =IF(Txn!$B31="","",Txn!$D31) -> 0 | H50: =IF(Txn!$B31="","",Txn!$E31) -> 0 | I50: =IF(Txn!$B31="",0,Txn!$Q31) -> 0 | J50: =IF(Txn!$B31="",0,Txn!$R31) -> 0 | K50: =IF($A50="","",IFERROR(VALUE(MID($A50,6,2)),"")) -> 0 | L50: =IF(Txn!$K31="","","طرف مقابل — "&Txn!$K31) -> 0 | N50: =IF($D50="",0,COUNTIF(BankAccts,$D50)) -> 0
A51: =IF(Txn!$B32="","",Txn!$B32) -> 0 | B51: =IF(Txn!$B32="","",Txn!$C32) -> 0 | C51: =IF(Txn!$B32="","","تراکنش بانکی") -> 0 | D51: =IF(Txn!$B32="","",IF(Txn!$X32="","",Txn!$X32)) -> 0 | E51: =IF($D51="","",IFERROR(VLOOKUP($D51,AcctTbl,2,0),"")) -> 0 | F51: =IF($D51="","",IFERROR(VLOOKUP($D51,AcctTbl,3,0),"")) -> 0 | G51: =IF(Txn!$B32="","",Txn!$D32) -> 0 | H51: =IF(Txn!$B32="","",Txn!$E32) -> 0 | I51: =IF(Txn!$B32="",0,Txn!$O32) -> 0 | J51: =IF(Txn!$B32="",0,Txn!$P32) -> 0 | K51: =IF($A51="","",IFERROR(VALUE(MID($A51,6,2)),"")) -> 0 | L51: =IF(Txn!$K32="","",Txn!$K32) -> 0 | N51: =IF($D51="",0,COUNTIF(BankAccts,$D51)) -> 0
A52: =IF(Txn!$B32="","",Txn!$B32) -> 0 | B52: =IF(Txn!$B32="","",Txn!$C32) -> 0 | C52: =IF(Txn!$B32="","","تراکنش بانکی") -> 0 | D52: =IF(Txn!$B32="","",IF(IF(Txn!$U32="TRF",Txn!$Y32,Txn!$Z32)="","",IF(Txn!$U32="TRF",Txn!$Y32,Txn!$Z32))) -> 0 | E52: =IF($D52="","",IFERROR(VLOOKUP($D52,AcctTbl,2,0),"")) -> 0 | F52: =IF($D52="","",IFERROR(VLOOKUP($D52,AcctTbl,3,0),"")) -> 0 | G52: =IF(Txn!$B32="","",Txn!$D32) -> 0 | H52: =IF(Txn!$B32="","",Txn!$E32) -> 0 | I52: =IF(Txn!$B32="",0,Txn!$Q32) -> 0 | J52: =IF(Txn!$B32="",0,Txn!$R32) -> 0 | K52: =IF($A52="","",IFERROR(VALUE(MID($A52,6,2)),"")) -> 0 | L52: =IF(Txn!$K32="","","طرف مقابل — "&Txn!$K32) -> 0 | N52: =IF($D52="",0,COUNTIF(BankAccts,$D52)) -> 0
A53: =IF(Txn!$B33="","",Txn!$B33) -> 0 | B53: =IF(Txn!$B33="","",Txn!$C33) -> 0 | C53: =IF(Txn!$B33="","","تراکنش بانکی") -> 0 | D53: =IF(Txn!$B33="","",IF(Txn!$X33="","",Txn!$X33)) -> 0 | E53: =IF($D53="","",IFERROR(VLOOKUP($D53,AcctTbl,2,0),"")) -> 0 | F53: =IF($D53="","",IFERROR(VLOOKUP($D53,AcctTbl,3,0),"")) -> 0 | G53: =IF(Txn!$B33="","",Txn!$D33) -> 0 | H53: =IF(Txn!$B33="","",Txn!$E33) -> 0 | I53: =IF(Txn!$B33="",0,Txn!$O33) -> 0 | J53: =IF(Txn!$B33="",0,Txn!$P33) -> 0 | K53: =IF($A53="","",IFERROR(VALUE(MID($A53,6,2)),"")) -> 0 | L53: =IF(Txn!$K33="","",Txn!$K33) -> 0 | N53: =IF($D53="",0,COUNTIF(BankAccts,$D53)) -> 0
A54: =IF(Txn!$B33="","",Txn!$B33) -> 0 | B54: =IF(Txn!$B33="","",Txn!$C33) -> 0 | C54: =IF(Txn!$B33="","","تراکنش بانکی") -> 0 | D54: =IF(Txn!$B33="","",IF(IF(Txn!$U33="TRF",Txn!$Y33,Txn!$Z33)="","",IF(Txn!$U33="TRF",Txn!$Y33,Txn!$Z33))) -> 0 | E54: =IF($D54="","",IFERROR(VLOOKUP($D54,AcctTbl,2,0),"")) -> 0 | F54: =IF($D54="","",IFERROR(VLOOKUP($D54,AcctTbl,3,0),"")) -> 0 | G54: =IF(Txn!$B33="","",Txn!$D33) -> 0 | H54: =IF(Txn!$B33="","",Txn!$E33) -> 0 | I54: =IF(Txn!$B33="",0,Txn!$Q33) -> 0 | J54: =IF(Txn!$B33="",0,Txn!$R33) -> 0 | K54: =IF($A54="","",IFERROR(VALUE(MID($A54,6,2)),"")) -> 0 | L54: =IF(Txn!$K33="","","طرف مقابل — "&Txn!$K33) -> 0 | N54: =IF($D54="",0,COUNTIF(BankAccts,$D54)) -> 0
A55: =IF(Txn!$B34="","",Txn!$B34) -> 0 | B55: =IF(Txn!$B34="","",Txn!$C34) -> 0 | C55: =IF(Txn!$B34="","","تراکنش بانکی") -> 0 | D55: =IF(Txn!$B34="","",IF(Txn!$X34="","",Txn!$X34)) -> 0 | E55: =IF($D55="","",IFERROR(VLOOKUP($D55,AcctTbl,2,0),"")) -> 0 | F55: =IF($D55="","",IFERROR(VLOOKUP($D55,AcctTbl,3,0),"")) -> 0 | G55: =IF(Txn!$B34="","",Txn!$D34) -> 0 | H55: =IF(Txn!$B34="","",Txn!$E34) -> 0 | I55: =IF(Txn!$B34="",0,Txn!$O34) -> 0 | J55: =IF(Txn!$B34="",0,Txn!$P34) -> 0 | K55: =IF($A55="","",IFERROR(VALUE(MID($A55,6,2)),"")) -> 0 | L55: =IF(Txn!$K34="","",Txn!$K34) -> 0 | N55: =IF($D55="",0,COUNTIF(BankAccts,$D55)) -> 0
A56: =IF(Txn!$B34="","",Txn!$B34) -> 0 | B56: =IF(Txn!$B34="","",Txn!$C34) -> 0 | C56: =IF(Txn!$B34="","","تراکنش بانکی") -> 0 | D56: =IF(Txn!$B34="","",IF(IF(Txn!$U34="TRF",Txn!$Y34,Txn!$Z34)="","",IF(Txn!$U34="TRF",Txn!$Y34,Txn!$Z34))) -> 0 | E56: =IF($D56="","",IFERROR(VLOOKUP($D56,AcctTbl,2,0),"")) -> 0 | F56: =IF($D56="","",IFERROR(VLOOKUP($D56,AcctTbl,3,0),"")) -> 0 | G56: =IF(Txn!$B34="","",Txn!$D34) -> 0 | H56: =IF(Txn!$B34="","",Txn!$E34) -> 0 | I56: =IF(Txn!$B34="",0,Txn!$Q34) -> 0 | J56: =IF(Txn!$B34="",0,Txn!$R34) -> 0 | K56: =IF($A56="","",IFERROR(VALUE(MID($A56,6,2)),"")) -> 0 | L56: =IF(Txn!$K34="","","طرف مقابل — "&Txn!$K34) -> 0 | N56: =IF($D56="",0,COUNTIF(BankAccts,$D56)) -> 0
A57: =IF(Txn!$B35="","",Txn!$B35) -> 0 | B57: =IF(Txn!$B35="","",Txn!$C35) -> 0 | C57: =IF(Txn!$B35="","","تراکنش بانکی") -> 0 | D57: =IF(Txn!$B35="","",IF(Txn!$X35="","",Txn!$X35)) -> 0 | E57: =IF($D57="","",IFERROR(VLOOKUP($D57,AcctTbl,2,0),"")) -> 0 | F57: =IF($D57="","",IFERROR(VLOOKUP($D57,AcctTbl,3,0),"")) -> 0 | G57: =IF(Txn!$B35="","",Txn!$D35) -> 0 | H57: =IF(Txn!$B35="","",Txn!$E35) -> 0 | I57: =IF(Txn!$B35="",0,Txn!$O35) -> 0 | J57: =IF(Txn!$B35="",0,Txn!$P35) -> 0 | K57: =IF($A57="","",IFERROR(VALUE(MID($A57,6,2)),"")) -> 0 | L57: =IF(Txn!$K35="","",Txn!$K35) -> 0 | N57: =IF($D57="",0,COUNTIF(BankAccts,$D57)) -> 0
A58: =IF(Txn!$B35="","",Txn!$B35) -> 0 | B58: =IF(Txn!$B35="","",Txn!$C35) -> 0 | C58: =IF(Txn!$B35="","","تراکنش بانکی") -> 0 | D58: =IF(Txn!$B35="","",IF(IF(Txn!$U35="TRF",Txn!$Y35,Txn!$Z35)="","",IF(Txn!$U35="TRF",Txn!$Y35,Txn!$Z35))) -> 0 | E58: =IF($D58="","",IFERROR(VLOOKUP($D58,AcctTbl,2,0),"")) -> 0 | F58: =IF($D58="","",IFERROR(VLOOKUP($D58,AcctTbl,3,0),"")) -> 0 | G58: =IF(Txn!$B35="","",Txn!$D35) -> 0 | H58: =IF(Txn!$B35="","",Txn!$E35) -> 0 | I58: =IF(Txn!$B35="",0,Txn!$Q35) -> 0 | J58: =IF(Txn!$B35="",0,Txn!$R35) -> 0 | K58: =IF($A58="","",IFERROR(VALUE(MID($A58,6,2)),"")) -> 0 | L58: =IF(Txn!$K35="","","طرف مقابل — "&Txn!$K35) -> 0 | N58: =IF($D58="",0,COUNTIF(BankAccts,$D58)) -> 0
A59: =IF(Txn!$B36="","",Txn!$B36) -> 0 | B59: =IF(Txn!$B36="","",Txn!$C36) -> 0 | C59: =IF(Txn!$B36="","","تراکنش بانکی") -> 0 | D59: =IF(Txn!$B36="","",IF(Txn!$X36="","",Txn!$X36)) -> 0 | E59: =IF($D59="","",IFERROR(VLOOKUP($D59,AcctTbl,2,0),"")) -> 0 | F59: =IF($D59="","",IFERROR(VLOOKUP($D59,AcctTbl,3,0),"")) -> 0 | G59: =IF(Txn!$B36="","",Txn!$D36) -> 0 | H59: =IF(Txn!$B36="","",Txn!$E36) -> 0 | I59: =IF(Txn!$B36="",0,Txn!$O36) -> 0 | J59: =IF(Txn!$B36="",0,Txn!$P36) -> 0 | K59: =IF($A59="","",IFERROR(VALUE(MID($A59,6,2)),"")) -> 0 | L59: =IF(Txn!$K36="","",Txn!$K36) -> 0 | N59: =IF($D59="",0,COUNTIF(BankAccts,$D59)) -> 0
A60: =IF(Txn!$B36="","",Txn!$B36) -> 0 | B60: =IF(Txn!$B36="","",Txn!$C36) -> 0 | C60: =IF(Txn!$B36="","","تراکنش بانکی") -> 0 | D60: =IF(Txn!$B36="","",IF(IF(Txn!$U36="TRF",Txn!$Y36,Txn!$Z36)="","",IF(Txn!$U36="TRF",Txn!$Y36,Txn!$Z36))) -> 0 | E60: =IF($D60="","",IFERROR(VLOOKUP($D60,AcctTbl,2,0),"")) -> 0 | F60: =IF($D60="","",IFERROR(VLOOKUP($D60,AcctTbl,3,0),"")) -> 0 | G60: =IF(Txn!$B36="","",Txn!$D36) -> 0 | H60: =IF(Txn!$B36="","",Txn!$E36) -> 0 | I60: =IF(Txn!$B36="",0,Txn!$Q36) -> 0 | J60: =IF(Txn!$B36="",0,Txn!$R36) -> 0 | K60: =IF($A60="","",IFERROR(VALUE(MID($A60,6,2)),"")) -> 0 | L60: =IF(Txn!$K36="","","طرف مقابل — "&Txn!$K36) -> 0 | N60: =IF($D60="",0,COUNTIF(BankAccts,$D60)) -> 0
A61: =IF(Txn!$B37="","",Txn!$B37) -> 0 | B61: =IF(Txn!$B37="","",Txn!$C37) -> 0 | C61: =IF(Txn!$B37="","","تراکنش بانکی") -> 0 | D61: =IF(Txn!$B37="","",IF(Txn!$X37="","",Txn!$X37)) -> 0 | E61: =IF($D61="","",IFERROR(VLOOKUP($D61,AcctTbl,2,0),"")) -> 0 | F61: =IF($D61="","",IFERROR(VLOOKUP($D61,AcctTbl,3,0),"")) -> 0 | G61: =IF(Txn!$B37="","",Txn!$D37) -> 0 | H61: =IF(Txn!$B37="","",Txn!$E37) -> 0 | I61: =IF(Txn!$B37="",0,Txn!$O37) -> 0 | J61: =IF(Txn!$B37="",0,Txn!$P37) -> 0 | K61: =IF($A61="","",IFERROR(VALUE(MID($A61,6,2)),"")) -> 0 | L61: =IF(Txn!$K37="","",Txn!$K37) -> 0 | N61: =IF($D61="",0,COUNTIF(BankAccts,$D61)) -> 0
A62: =IF(Txn!$B37="","",Txn!$B37) -> 0 | B62: =IF(Txn!$B37="","",Txn!$C37) -> 0 | C62: =IF(Txn!$B37="","","تراکنش بانکی") -> 0 | D62: =IF(Txn!$B37="","",IF(IF(Txn!$U37="TRF",Txn!$Y37,Txn!$Z37)="","",IF(Txn!$U37="TRF",Txn!$Y37,Txn!$Z37))) -> 0 | E62: =IF($D62="","",IFERROR(VLOOKUP($D62,AcctTbl,2,0),"")) -> 0 | F62: =IF($D62="","",IFERROR(VLOOKUP($D62,AcctTbl,3,0),"")) -> 0 | G62: =IF(Txn!$B37="","",Txn!$D37) -> 0 | H62: =IF(Txn!$B37="","",Txn!$E37) -> 0 | I62: =IF(Txn!$B37="",0,Txn!$Q37) -> 0 | J62: =IF(Txn!$B37="",0,Txn!$R37) -> 0 | K62: =IF($A62="","",IFERROR(VALUE(MID($A62,6,2)),"")) -> 0 | L62: =IF(Txn!$K37="","","طرف مقابل — "&Txn!$K37) -> 0 | N62: =IF($D62="",0,COUNTIF(BankAccts,$D62)) -> 0
A63: =IF(Txn!$B38="","",Txn!$B38) -> 0 | B63: =IF(Txn!$B38="","",Txn!$C38) -> 0 | C63: =IF(Txn!$B38="","","تراکنش بانکی") -> 0 | D63: =IF(Txn!$B38="","",IF(Txn!$X38="","",Txn!$X38)) -> 0 | E63: =IF($D63="","",IFERROR(VLOOKUP($D63,AcctTbl,2,0),"")) -> 0 | F63: =IF($D63="","",IFERROR(VLOOKUP($D63,AcctTbl,3,0),"")) -> 0 | G63: =IF(Txn!$B38="","",Txn!$D38) -> 0 | H63: =IF(Txn!$B38="","",Txn!$E38) -> 0 | I63: =IF(Txn!$B38="",0,Txn!$O38) -> 0 | J63: =IF(Txn!$B38="",0,Txn!$P38) -> 0 | K63: =IF($A63="","",IFERROR(VALUE(MID($A63,6,2)),"")) -> 0 | L63: =IF(Txn!$K38="","",Txn!$K38) -> 0 | N63: =IF($D63="",0,COUNTIF(BankAccts,$D63)) -> 0
A64: =IF(Txn!$B38="","",Txn!$B38) -> 0 | B64: =IF(Txn!$B38="","",Txn!$C38) -> 0 | C64: =IF(Txn!$B38="","","تراکنش بانکی") -> 0 | D64: =IF(Txn!$B38="","",IF(IF(Txn!$U38="TRF",Txn!$Y38,Txn!$Z38)="","",IF(Txn!$U38="TRF",Txn!$Y38,Txn!$Z38))) -> 0 | E64: =IF($D64="","",IFERROR(VLOOKUP($D64,AcctTbl,2,0),"")) -> 0 | F64: =IF($D64="","",IFERROR(VLOOKUP($D64,AcctTbl,3,0),"")) -> 0 | G64: =IF(Txn!$B38="","",Txn!$D38) -> 0 | H64: =IF(Txn!$B38="","",Txn!$E38) -> 0 | I64: =IF(Txn!$B38="",0,Txn!$Q38) -> 0 | J64: =IF(Txn!$B38="",0,Txn!$R38) -> 0 | K64: =IF($A64="","",IFERROR(VALUE(MID($A64,6,2)),"")) -> 0 | L64: =IF(Txn!$K38="","","طرف مقابل — "&Txn!$K38) -> 0 | N64: =IF($D64="",0,COUNTIF(BankAccts,$D64)) -> 0
A65: =IF(Txn!$B39="","",Txn!$B39) -> 0 | B65: =IF(Txn!$B39="","",Txn!$C39) -> 0 | C65: =IF(Txn!$B39="","","تراکنش بانکی") -> 0 | D65: =IF(Txn!$B39="","",IF(Txn!$X39="","",Txn!$X39)) -> 0 | E65: =IF($D65="","",IFERROR(VLOOKUP($D65,AcctTbl,2,0),"")) -> 0 | F65: =IF($D65="","",IFERROR(VLOOKUP($D65,AcctTbl,3,0),"")) -> 0 | G65: =IF(Txn!$B39="","",Txn!$D39) -> 0 | H65: =IF(Txn!$B39="","",Txn!$E39) -> 0 | I65: =IF(Txn!$B39="",0,Txn!$O39) -> 0 | J65: =IF(Txn!$B39="",0,Txn!$P39) -> 0 | K65: =IF($A65="","",IFERROR(VALUE(MID($A65,6,2)),"")) -> 0 | L65: =IF(Txn!$K39="","",Txn!$K39) -> 0 | N65: =IF($D65="",0,COUNTIF(BankAccts,$D65)) -> 0
A66: =IF(Txn!$B39="","",Txn!$B39) -> 0 | B66: =IF(Txn!$B39="","",Txn!$C39) -> 0 | C66: =IF(Txn!$B39="","","تراکنش بانکی") -> 0 | D66: =IF(Txn!$B39="","",IF(IF(Txn!$U39="TRF",Txn!$Y39,Txn!$Z39)="","",IF(Txn!$U39="TRF",Txn!$Y39,Txn!$Z39))) -> 0 | E66: =IF($D66="","",IFERROR(VLOOKUP($D66,AcctTbl,2,0),"")) -> 0 | F66: =IF($D66="","",IFERROR(VLOOKUP($D66,AcctTbl,3,0),"")) -> 0 | G66: =IF(Txn!$B39="","",Txn!$D39) -> 0 | H66: =IF(Txn!$B39="","",Txn!$E39) -> 0 | I66: =IF(Txn!$B39="",0,Txn!$Q39) -> 0 | J66: =IF(Txn!$B39="",0,Txn!$R39) -> 0 | K66: =IF($A66="","",IFERROR(VALUE(MID($A66,6,2)),"")) -> 0 | L66: =IF(Txn!$K39="","","طرف مقابل — "&Txn!$K39) -> 0 | N66: =IF($D66="",0,COUNTIF(BankAccts,$D66)) -> 0
A67: =IF(Txn!$B40="","",Txn!$B40) -> 0 | B67: =IF(Txn!$B40="","",Txn!$C40) -> 0 | C67: =IF(Txn!$B40="","","تراکنش بانکی") -> 0 | D67: =IF(Txn!$B40="","",IF(Txn!$X40="","",Txn!$X40)) -> 0 | E67: =IF($D67="","",IFERROR(VLOOKUP($D67,AcctTbl,2,0),"")) -> 0 | F67: =IF($D67="","",IFERROR(VLOOKUP($D67,AcctTbl,3,0),"")) -> 0 | G67: =IF(Txn!$B40="","",Txn!$D40) -> 0 | H67: =IF(Txn!$B40="","",Txn!$E40) -> 0 | I67: =IF(Txn!$B40="",0,Txn!$O40) -> 0 | J67: =IF(Txn!$B40="",0,Txn!$P40) -> 0 | K67: =IF($A67="","",IFERROR(VALUE(MID($A67,6,2)),"")) -> 0 | L67: =IF(Txn!$K40="","",Txn!$K40) -> 0 | N67: =IF($D67="",0,COUNTIF(BankAccts,$D67)) -> 0
A68: =IF(Txn!$B40="","",Txn!$B40) -> 0 | B68: =IF(Txn!$B40="","",Txn!$C40) -> 0 | C68: =IF(Txn!$B40="","","تراکنش بانکی") -> 0 | D68: =IF(Txn!$B40="","",IF(IF(Txn!$U40="TRF",Txn!$Y40,Txn!$Z40)="","",IF(Txn!$U40="TRF",Txn!$Y40,Txn!$Z40))) -> 0 | E68: =IF($D68="","",IFERROR(VLOOKUP($D68,AcctTbl,2,0),"")) -> 0 | F68: =IF($D68="","",IFERROR(VLOOKUP($D68,AcctTbl,3,0),"")) -> 0 | G68: =IF(Txn!$B40="","",Txn!$D40) -> 0 | H68: =IF(Txn!$B40="","",Txn!$E40) -> 0 | I68: =IF(Txn!$B40="",0,Txn!$Q40) -> 0 | J68: =IF(Txn!$B40="",0,Txn!$R40) -> 0 | K68: =IF($A68="","",IFERROR(VALUE(MID($A68,6,2)),"")) -> 0 | L68: =IF(Txn!$K40="","","طرف مقابل — "&Txn!$K40) -> 0 | N68: =IF($D68="",0,COUNTIF(BankAccts,$D68)) -> 0
A69: =IF(Txn!$B41="","",Txn!$B41) -> 0 | B69: =IF(Txn!$B41="","",Txn!$C41) -> 0 | C69: =IF(Txn!$B41="","","تراکنش بانکی") -> 0 | D69: =IF(Txn!$B41="","",IF(Txn!$X41="","",Txn!$X41)) -> 0 | E69: =IF($D69="","",IFERROR(VLOOKUP($D69,AcctTbl,2,0),"")) -> 0 | F69: =IF($D69="","",IFERROR(VLOOKUP($D69,AcctTbl,3,0),"")) -> 0 | G69: =IF(Txn!$B41="","",Txn!$D41) -> 0 | H69: =IF(Txn!$B41="","",Txn!$E41) -> 0 | I69: =IF(Txn!$B41="",0,Txn!$O41) -> 0 | J69: =IF(Txn!$B41="",0,Txn!$P41) -> 0 | K69: =IF($A69="","",IFERROR(VALUE(MID($A69,6,2)),"")) -> 0 | L69: =IF(Txn!$K41="","",Txn!$K41) -> 0 | N69: =IF($D69="",0,COUNTIF(BankAccts,$D69)) -> 0
A70: =IF(Txn!$B41="","",Txn!$B41) -> 0 | B70: =IF(Txn!$B41="","",Txn!$C41) -> 0 | C70: =IF(Txn!$B41="","","تراکنش بانکی") -> 0 | D70: =IF(Txn!$B41="","",IF(IF(Txn!$U41="TRF",Txn!$Y41,Txn!$Z41)="","",IF(Txn!$U41="TRF",Txn!$Y41,Txn!$Z41))) -> 0 | E70: =IF($D70="","",IFERROR(VLOOKUP($D70,AcctTbl,2,0),"")) -> 0 | F70: =IF($D70="","",IFERROR(VLOOKUP($D70,AcctTbl,3,0),"")) -> 0 | G70: =IF(Txn!$B41="","",Txn!$D41) -> 0 | H70: =IF(Txn!$B41="","",Txn!$E41) -> 0 | I70: =IF(Txn!$B41="",0,Txn!$Q41) -> 0 | J70: =IF(Txn!$B41="",0,Txn!$R41) -> 0 | K70: =IF($A70="","",IFERROR(VALUE(MID($A70,6,2)),"")) -> 0 | L70: =IF(Txn!$K41="","","طرف مقابل — "&Txn!$K41) -> 0 | N70: =IF($D70="",0,COUNTIF(BankAccts,$D70)) -> 0
A71: =IF(Txn!$B42="","",Txn!$B42) -> 0 | B71: =IF(Txn!$B42="","",Txn!$C42) -> 0 | C71: =IF(Txn!$B42="","","تراکنش بانکی") -> 0 | D71: =IF(Txn!$B42="","",IF(Txn!$X42="","",Txn!$X42)) -> 0 | E71: =IF($D71="","",IFERROR(VLOOKUP($D71,AcctTbl,2,0),"")) -> 0 | F71: =IF($D71="","",IFERROR(VLOOKUP($D71,AcctTbl,3,0),"")) -> 0 | G71: =IF(Txn!$B42="","",Txn!$D42) -> 0 | H71: =IF(Txn!$B42="","",Txn!$E42) -> 0 | I71: =IF(Txn!$B42="",0,Txn!$O42) -> 0 | J71: =IF(Txn!$B42="",0,Txn!$P42) -> 0 | K71: =IF($A71="","",IFERROR(VALUE(MID($A71,6,2)),"")) -> 0 | L71: =IF(Txn!$K42="","",Txn!$K42) -> 0 | N71: =IF($D71="",0,COUNTIF(BankAccts,$D71)) -> 0
A72: =IF(Txn!$B42="","",Txn!$B42) -> 0 | B72: =IF(Txn!$B42="","",Txn!$C42) -> 0 | C72: =IF(Txn!$B42="","","تراکنش بانکی") -> 0 | D72: =IF(Txn!$B42="","",IF(IF(Txn!$U42="TRF",Txn!$Y42,Txn!$Z42)="","",IF(Txn!$U42="TRF",Txn!$Y42,Txn!$Z42))) -> 0 | E72: =IF($D72="","",IFERROR(VLOOKUP($D72,AcctTbl,2,0),"")) -> 0 | F72: =IF($D72="","",IFERROR(VLOOKUP($D72,AcctTbl,3,0),"")) -> 0 | G72: =IF(Txn!$B42="","",Txn!$D42) -> 0 | H72: =IF(Txn!$B42="","",Txn!$E42) -> 0 | I72: =IF(Txn!$B42="",0,Txn!$Q42) -> 0 | J72: =IF(Txn!$B42="",0,Txn!$R42) -> 0 | K72: =IF($A72="","",IFERROR(VALUE(MID($A72,6,2)),"")) -> 0 | L72: =IF(Txn!$K42="","","طرف مقابل — "&Txn!$K42) -> 0 | N72: =IF($D72="",0,COUNTIF(BankAccts,$D72)) -> 0
A73: =IF(Txn!$B43="","",Txn!$B43) -> 0 | B73: =IF(Txn!$B43="","",Txn!$C43) -> 0 | C73: =IF(Txn!$B43="","","تراکنش بانکی") -> 0 | D73: =IF(Txn!$B43="","",IF(Txn!$X43="","",Txn!$X43)) -> 0 | E73: =IF($D73="","",IFERROR(VLOOKUP($D73,AcctTbl,2,0),"")) -> 0 | F73: =IF($D73="","",IFERROR(VLOOKUP($D73,AcctTbl,3,0),"")) -> 0 | G73: =IF(Txn!$B43="","",Txn!$D43) -> 0 | H73: =IF(Txn!$B43="","",Txn!$E43) -> 0 | I73: =IF(Txn!$B43="",0,Txn!$O43) -> 0 | J73: =IF(Txn!$B43="",0,Txn!$P43) -> 0 | K73: =IF($A73="","",IFERROR(VALUE(MID($A73,6,2)),"")) -> 0 | L73: =IF(Txn!$K43="","",Txn!$K43) -> 0 | N73: =IF($D73="",0,COUNTIF(BankAccts,$D73)) -> 0
A74: =IF(Txn!$B43="","",Txn!$B43) -> 0 | B74: =IF(Txn!$B43="","",Txn!$C43) -> 0 | C74: =IF(Txn!$B43="","","تراکنش بانکی") -> 0 | D74: =IF(Txn!$B43="","",IF(IF(Txn!$U43="TRF",Txn!$Y43,Txn!$Z43)="","",IF(Txn!$U43="TRF",Txn!$Y43,Txn!$Z43))) -> 0 | E74: =IF($D74="","",IFERROR(VLOOKUP($D74,AcctTbl,2,0),"")) -> 0 | F74: =IF($D74="","",IFERROR(VLOOKUP($D74,AcctTbl,3,0),"")) -> 0 | G74: =IF(Txn!$B43="","",Txn!$D43) -> 0 | H74: =IF(Txn!$B43="","",Txn!$E43) -> 0 | I74: =IF(Txn!$B43="",0,Txn!$Q43) -> 0 | J74: =IF(Txn!$B43="",0,Txn!$R43) -> 0 | K74: =IF($A74="","",IFERROR(VALUE(MID($A74,6,2)),"")) -> 0 | L74: =IF(Txn!$K43="","","طرف مقابل — "&Txn!$K43) -> 0 | N74: =IF($D74="",0,COUNTIF(BankAccts,$D74)) -> 0
A75: =IF(Txn!$B44="","",Txn!$B44) -> 0 | B75: =IF(Txn!$B44="","",Txn!$C44) -> 0 | C75: =IF(Txn!$B44="","","تراکنش بانکی") -> 0 | D75: =IF(Txn!$B44="","",IF(Txn!$X44="","",Txn!$X44)) -> 0 | E75: =IF($D75="","",IFERROR(VLOOKUP($D75,AcctTbl,2,0),"")) -> 0 | F75: =IF($D75="","",IFERROR(VLOOKUP($D75,AcctTbl,3,0),"")) -> 0 | G75: =IF(Txn!$B44="","",Txn!$D44) -> 0 | H75: =IF(Txn!$B44="","",Txn!$E44) -> 0 | I75: =IF(Txn!$B44="",0,Txn!$O44) -> 0 | J75: =IF(Txn!$B44="",0,Txn!$P44) -> 0 | K75: =IF($A75="","",IFERROR(VALUE(MID($A75,6,2)),"")) -> 0 | L75: =IF(Txn!$K44="","",Txn!$K44) -> 0 | N75: =IF($D75="",0,COUNTIF(BankAccts,$D75)) -> 0
A76: =IF(Txn!$B44="","",Txn!$B44) -> 0 | B76: =IF(Txn!$B44="","",Txn!$C44) -> 0 | C76: =IF(Txn!$B44="","","تراکنش بانکی") -> 0 | D76: =IF(Txn!$B44="","",IF(IF(Txn!$U44="TRF",Txn!$Y44,Txn!$Z44)="","",IF(Txn!$U44="TRF",Txn!$Y44,Txn!$Z44))) -> 0 | E76: =IF($D76="","",IFERROR(VLOOKUP($D76,AcctTbl,2,0),"")) -> 0 | F76: =IF($D76="","",IFERROR(VLOOKUP($D76,AcctTbl,3,0),"")) -> 0 | G76: =IF(Txn!$B44="","",Txn!$D44) -> 0 | H76: =IF(Txn!$B44="","",Txn!$E44) -> 0 | I76: =IF(Txn!$B44="",0,Txn!$Q44) -> 0 | J76: =IF(Txn!$B44="",0,Txn!$R44) -> 0 | K76: =IF($A76="","",IFERROR(VALUE(MID($A76,6,2)),"")) -> 0 | L76: =IF(Txn!$K44="","","طرف مقابل — "&Txn!$K44) -> 0 | N76: =IF($D76="",0,COUNTIF(BankAccts,$D76)) -> 0
A77: =IF(Txn!$B45="","",Txn!$B45) -> 0 | B77: =IF(Txn!$B45="","",Txn!$C45) -> 0 | C77: =IF(Txn!$B45="","","تراکنش بانکی") -> 0 | D77: =IF(Txn!$B45="","",IF(Txn!$X45="","",Txn!$X45)) -> 0 | E77: =IF($D77="","",IFERROR(VLOOKUP($D77,AcctTbl,2,0),"")) -> 0 | F77: =IF($D77="","",IFERROR(VLOOKUP($D77,AcctTbl,3,0),"")) -> 0 | G77: =IF(Txn!$B45="","",Txn!$D45) -> 0 | H77: =IF(Txn!$B45="","",Txn!$E45) -> 0 | I77: =IF(Txn!$B45="",0,Txn!$O45) -> 0 | J77: =IF(Txn!$B45="",0,Txn!$P45) -> 0 | K77: =IF($A77="","",IFERROR(VALUE(MID($A77,6,2)),"")) -> 0 | L77: =IF(Txn!$K45="","",Txn!$K45) -> 0 | N77: =IF($D77="",0,COUNTIF(BankAccts,$D77)) -> 0
A78: =IF(Txn!$B45="","",Txn!$B45) -> 0 | B78: =IF(Txn!$B45="","",Txn!$C45) -> 0 | C78: =IF(Txn!$B45="","","تراکنش بانکی") -> 0 | D78: =IF(Txn!$B45="","",IF(IF(Txn!$U45="TRF",Txn!$Y45,Txn!$Z45)="","",IF(Txn!$U45="TRF",Txn!$Y45,Txn!$Z45))) -> 0 | E78: =IF($D78="","",IFERROR(VLOOKUP($D78,AcctTbl,2,0),"")) -> 0 | F78: =IF($D78="","",IFERROR(VLOOKUP($D78,AcctTbl,3,0),"")) -> 0 | G78: =IF(Txn!$B45="","",Txn!$D45) -> 0 | H78: =IF(Txn!$B45="","",Txn!$E45) -> 0 | I78: =IF(Txn!$B45="",0,Txn!$Q45) -> 0 | J78: =IF(Txn!$B45="",0,Txn!$R45) -> 0 | K78: =IF($A78="","",IFERROR(VALUE(MID($A78,6,2)),"")) -> 0 | L78: =IF(Txn!$K45="","","طرف مقابل — "&Txn!$K45) -> 0 | N78: =IF($D78="",0,COUNTIF(BankAccts,$D78)) -> 0
A79: =IF(Txn!$B46="","",Txn!$B46) -> 0 | B79: =IF(Txn!$B46="","",Txn!$C46) -> 0 | C79: =IF(Txn!$B46="","","تراکنش بانکی") -> 0 | D79: =IF(Txn!$B46="","",IF(Txn!$X46="","",Txn!$X46)) -> 0 | E79: =IF($D79="","",IFERROR(VLOOKUP($D79,AcctTbl,2,0),"")) -> 0 | F79: =IF($D79="","",IFERROR(VLOOKUP($D79,AcctTbl,3,0),"")) -> 0 | G79: =IF(Txn!$B46="","",Txn!$D46) -> 0 | H79: =IF(Txn!$B46="","",Txn!$E46) -> 0 | I79: =IF(Txn!$B46="",0,Txn!$O46) -> 0 | J79: =IF(Txn!$B46="",0,Txn!$P46) -> 0 | K79: =IF($A79="","",IFERROR(VALUE(MID($A79,6,2)),"")) -> 0 | L79: =IF(Txn!$K46="","",Txn!$K46) -> 0 | N79: =IF($D79="",0,COUNTIF(BankAccts,$D79)) -> 0
A80: =IF(Txn!$B46="","",Txn!$B46) -> 0 | B80: =IF(Txn!$B46="","",Txn!$C46) -> 0 | C80: =IF(Txn!$B46="","","تراکنش بانکی") -> 0 | D80: =IF(Txn!$B46="","",IF(IF(Txn!$U46="TRF",Txn!$Y46,Txn!$Z46)="","",IF(Txn!$U46="TRF",Txn!$Y46,Txn!$Z46))) -> 0 | E80: =IF($D80="","",IFERROR(VLOOKUP($D80,AcctTbl,2,0),"")) -> 0 | F80: =IF($D80="","",IFERROR(VLOOKUP($D80,AcctTbl,3,0),"")) -> 0 | G80: =IF(Txn!$B46="","",Txn!$D46) -> 0 | H80: =IF(Txn!$B46="","",Txn!$E46) -> 0 | I80: =IF(Txn!$B46="",0,Txn!$Q46) -> 0 | J80: =IF(Txn!$B46="",0,Txn!$R46) -> 0 | K80: =IF($A80="","",IFERROR(VALUE(MID($A80,6,2)),"")) -> 0 | L80: =IF(Txn!$K46="","","طرف مقابل — "&Txn!$K46) -> 0 | N80: =IF($D80="",0,COUNTIF(BankAccts,$D80)) -> 0
A81: =IF(Txn!$B47="","",Txn!$B47) -> 0 | B81: =IF(Txn!$B47="","",Txn!$C47) -> 0 | C81: =IF(Txn!$B47="","","تراکنش بانکی") -> 0 | D81: =IF(Txn!$B47="","",IF(Txn!$X47="","",Txn!$X47)) -> 0 | E81: =IF($D81="","",IFERROR(VLOOKUP($D81,AcctTbl,2,0),"")) -> 0 | F81: =IF($D81="","",IFERROR(VLOOKUP($D81,AcctTbl,3,0),"")) -> 0 | G81: =IF(Txn!$B47="","",Txn!$D47) -> 0 | H81: =IF(Txn!$B47="","",Txn!$E47) -> 0 | I81: =IF(Txn!$B47="",0,Txn!$O47) -> 0 | J81: =IF(Txn!$B47="",0,Txn!$P47) -> 0 | K81: =IF($A81="","",IFERROR(VALUE(MID($A81,6,2)),"")) -> 0 | L81: =IF(Txn!$K47="","",Txn!$K47) -> 0 | N81: =IF($D81="",0,COUNTIF(BankAccts,$D81)) -> 0
A82: =IF(Txn!$B47="","",Txn!$B47) -> 0 | B82: =IF(Txn!$B47="","",Txn!$C47) -> 0 | C82: =IF(Txn!$B47="","","تراکنش بانکی") -> 0 | D82: =IF(Txn!$B47="","",IF(IF(Txn!$U47="TRF",Txn!$Y47,Txn!$Z47)="","",IF(Txn!$U47="TRF",Txn!$Y47,Txn!$Z47))) -> 0 | E82: =IF($D82="","",IFERROR(VLOOKUP($D82,AcctTbl,2,0),"")) -> 0 | F82: =IF($D82="","",IFERROR(VLOOKUP($D82,AcctTbl,3,0),"")) -> 0 | G82: =IF(Txn!$B47="","",Txn!$D47) -> 0 | H82: =IF(Txn!$B47="","",Txn!$E47) -> 0 | I82: =IF(Txn!$B47="",0,Txn!$Q47) -> 0 | J82: =IF(Txn!$B47="",0,Txn!$R47) -> 0 | K82: =IF($A82="","",IFERROR(VALUE(MID($A82,6,2)),"")) -> 0 | L82: =IF(Txn!$K47="","","طرف مقابل — "&Txn!$K47) -> 0 | N82: =IF($D82="",0,COUNTIF(BankAccts,$D82)) -> 0
A83: =IF(Txn!$B48="","",Txn!$B48) -> 0 | B83: =IF(Txn!$B48="","",Txn!$C48) -> 0 | C83: =IF(Txn!$B48="","","تراکنش بانکی") -> 0 | D83: =IF(Txn!$B48="","",IF(Txn!$X48="","",Txn!$X48)) -> 0 | E83: =IF($D83="","",IFERROR(VLOOKUP($D83,AcctTbl,2,0),"")) -> 0 | F83: =IF($D83="","",IFERROR(VLOOKUP($D83,AcctTbl,3,0),"")) -> 0 | G83: =IF(Txn!$B48="","",Txn!$D48) -> 0 | H83: =IF(Txn!$B48="","",Txn!$E48) -> 0 | I83: =IF(Txn!$B48="",0,Txn!$O48) -> 0 | J83: =IF(Txn!$B48="",0,Txn!$P48) -> 0 | K83: =IF($A83="","",IFERROR(VALUE(MID($A83,6,2)),"")) -> 0 | L83: =IF(Txn!$K48="","",Txn!$K48) -> 0 | N83: =IF($D83="",0,COUNTIF(BankAccts,$D83)) -> 0
A84: =IF(Txn!$B48="","",Txn!$B48) -> 0 | B84: =IF(Txn!$B48="","",Txn!$C48) -> 0 | C84: =IF(Txn!$B48="","","تراکنش بانکی") -> 0 | D84: =IF(Txn!$B48="","",IF(IF(Txn!$U48="TRF",Txn!$Y48,Txn!$Z48)="","",IF(Txn!$U48="TRF",Txn!$Y48,Txn!$Z48))) -> 0 | E84: =IF($D84="","",IFERROR(VLOOKUP($D84,AcctTbl,2,0),"")) -> 0 | F84: =IF($D84="","",IFERROR(VLOOKUP($D84,AcctTbl,3,0),"")) -> 0 | G84: =IF(Txn!$B48="","",Txn!$D48) -> 0 | H84: =IF(Txn!$B48="","",Txn!$E48) -> 0 | I84: =IF(Txn!$B48="",0,Txn!$Q48) -> 0 | J84: =IF(Txn!$B48="",0,Txn!$R48) -> 0 | K84: =IF($A84="","",IFERROR(VALUE(MID($A84,6,2)),"")) -> 0 | L84: =IF(Txn!$K48="","","طرف مقابل — "&Txn!$K48) -> 0 | N84: =IF($D84="",0,COUNTIF(BankAccts,$D84)) -> 0
A85: =IF(Txn!$B49="","",Txn!$B49) -> 0 | B85: =IF(Txn!$B49="","",Txn!$C49) -> 0 | C85: =IF(Txn!$B49="","","تراکنش بانکی") -> 0 | D85: =IF(Txn!$B49="","",IF(Txn!$X49="","",Txn!$X49)) -> 0 | E85: =IF($D85="","",IFERROR(VLOOKUP($D85,AcctTbl,2,0),"")) -> 0 | F85: =IF($D85="","",IFERROR(VLOOKUP($D85,AcctTbl,3,0),"")) -> 0 | G85: =IF(Txn!$B49="","",Txn!$D49) -> 0 | H85: =IF(Txn!$B49="","",Txn!$E49) -> 0 | I85: =IF(Txn!$B49="",0,Txn!$O49) -> 0 | J85: =IF(Txn!$B49="",0,Txn!$P49) -> 0 | K85: =IF($A85="","",IFERROR(VALUE(MID($A85,6,2)),"")) -> 0 | L85: =IF(Txn!$K49="","",Txn!$K49) -> 0 | N85: =IF($D85="",0,COUNTIF(BankAccts,$D85)) -> 0
A86: =IF(Txn!$B49="","",Txn!$B49) -> 0 | B86: =IF(Txn!$B49="","",Txn!$C49) -> 0 | C86: =IF(Txn!$B49="","","تراکنش بانکی") -> 0 | D86: =IF(Txn!$B49="","",IF(IF(Txn!$U49="TRF",Txn!$Y49,Txn!$Z49)="","",IF(Txn!$U49="TRF",Txn!$Y49,Txn!$Z49))) -> 0 | E86: =IF($D86="","",IFERROR(VLOOKUP($D86,AcctTbl,2,0),"")) -> 0 | F86: =IF($D86="","",IFERROR(VLOOKUP($D86,AcctTbl,3,0),"")) -> 0 | G86: =IF(Txn!$B49="","",Txn!$D49) -> 0 | H86: =IF(Txn!$B49="","",Txn!$E49) -> 0 | I86: =IF(Txn!$B49="",0,Txn!$Q49) -> 0 | J86: =IF(Txn!$B49="",0,Txn!$R49) -> 0 | K86: =IF($A86="","",IFERROR(VALUE(MID($A86,6,2)),"")) -> 0 | L86: =IF(Txn!$K49="","","طرف مقابل — "&Txn!$K49) -> 0 | N86: =IF($D86="",0,COUNTIF(BankAccts,$D86)) -> 0
A87: =IF(Txn!$B50="","",Txn!$B50) -> 0 | B87: =IF(Txn!$B50="","",Txn!$C50) -> 0 | C87: =IF(Txn!$B50="","","تراکنش بانکی") -> 0 | D87: =IF(Txn!$B50="","",IF(Txn!$X50="","",Txn!$X50)) -> 0 | E87: =IF($D87="","",IFERROR(VLOOKUP($D87,AcctTbl,2,0),"")) -> 0 | F87: =IF($D87="","",IFERROR(VLOOKUP($D87,AcctTbl,3,0),"")) -> 0 | G87: =IF(Txn!$B50="","",Txn!$D50) -> 0 | H87: =IF(Txn!$B50="","",Txn!$E50) -> 0 | I87: =IF(Txn!$B50="",0,Txn!$O50) -> 0 | J87: =IF(Txn!$B50="",0,Txn!$P50) -> 0 | K87: =IF($A87="","",IFERROR(VALUE(MID($A87,6,2)),"")) -> 0 | L87: =IF(Txn!$K50="","",Txn!$K50) -> 0 | N87: =IF($D87="",0,COUNTIF(BankAccts,$D87)) -> 0
A88: =IF(Txn!$B50="","",Txn!$B50) -> 0 | B88: =IF(Txn!$B50="","",Txn!$C50) -> 0 | C88: =IF(Txn!$B50="","","تراکنش بانکی") -> 0 | D88: =IF(Txn!$B50="","",IF(IF(Txn!$U50="TRF",Txn!$Y50,Txn!$Z50)="","",IF(Txn!$U50="TRF",Txn!$Y50,Txn!$Z50))) -> 0 | E88: =IF($D88="","",IFERROR(VLOOKUP($D88,AcctTbl,2,0),"")) -> 0 | F88: =IF($D88="","",IFERROR(VLOOKUP($D88,AcctTbl,3,0),"")) -> 0 | G88: =IF(Txn!$B50="","",Txn!$D50) -> 0 | H88: =IF(Txn!$B50="","",Txn!$E50) -> 0 | I88: =IF(Txn!$B50="",0,Txn!$Q50) -> 0 | J88: =IF(Txn!$B50="",0,Txn!$R50) -> 0 | K88: =IF($A88="","",IFERROR(VALUE(MID($A88,6,2)),"")) -> 0 | L88: =IF(Txn!$K50="","","طرف مقابل — "&Txn!$K50) -> 0 | N88: =IF($D88="",0,COUNTIF(BankAccts,$D88)) -> 0
A89: =IF(Txn!$B51="","",Txn!$B51) -> 0 | B89: =IF(Txn!$B51="","",Txn!$C51) -> 0 | C89: =IF(Txn!$B51="","","تراکنش بانکی") -> 0 | D89: =IF(Txn!$B51="","",IF(Txn!$X51="","",Txn!$X51)) -> 0 | E89: =IF($D89="","",IFERROR(VLOOKUP($D89,AcctTbl,2,0),"")) -> 0 | F89: =IF($D89="","",IFERROR(VLOOKUP($D89,AcctTbl,3,0),"")) -> 0 | G89: =IF(Txn!$B51="","",Txn!$D51) -> 0 | H89: =IF(Txn!$B51="","",Txn!$E51) -> 0 | I89: =IF(Txn!$B51="",0,Txn!$O51) -> 0 | J89: =IF(Txn!$B51="",0,Txn!$P51) -> 0 | K89: =IF($A89="","",IFERROR(VALUE(MID($A89,6,2)),"")) -> 0 | L89: =IF(Txn!$K51="","",Txn!$K51) -> 0 | N89: =IF($D89="",0,COUNTIF(BankAccts,$D89)) -> 0
A90: =IF(Txn!$B51="","",Txn!$B51) -> 0 | B90: =IF(Txn!$B51="","",Txn!$C51) -> 0 | C90: =IF(Txn!$B51="","","تراکنش بانکی") -> 0 | D90: =IF(Txn!$B51="","",IF(IF(Txn!$U51="TRF",Txn!$Y51,Txn!$Z51)="","",IF(Txn!$U51="TRF",Txn!$Y51,Txn!$Z51))) -> 0 | E90: =IF($D90="","",IFERROR(VLOOKUP($D90,AcctTbl,2,0),"")) -> 0 | F90: =IF($D90="","",IFERROR(VLOOKUP($D90,AcctTbl,3,0),"")) -> 0 | G90: =IF(Txn!$B51="","",Txn!$D51) -> 0 | H90: =IF(Txn!$B51="","",Txn!$E51) -> 0 | I90: =IF(Txn!$B51="",0,Txn!$Q51) -> 0 | J90: =IF(Txn!$B51="",0,Txn!$R51) -> 0 | K90: =IF($A90="","",IFERROR(VALUE(MID($A90,6,2)),"")) -> 0 | L90: =IF(Txn!$K51="","","طرف مقابل — "&Txn!$K51) -> 0 | N90: =IF($D90="",0,COUNTIF(BankAccts,$D90)) -> 0
A91: =IF(Txn!$B52="","",Txn!$B52) -> 0 | B91: =IF(Txn!$B52="","",Txn!$C52) -> 0 | C91: =IF(Txn!$B52="","","تراکنش بانکی") -> 0 | D91: =IF(Txn!$B52="","",IF(Txn!$X52="","",Txn!$X52)) -> 0 | E91: =IF($D91="","",IFERROR(VLOOKUP($D91,AcctTbl,2,0),"")) -> 0 | F91: =IF($D91="","",IFERROR(VLOOKUP($D91,AcctTbl,3,0),"")) -> 0 | G91: =IF(Txn!$B52="","",Txn!$D52) -> 0 | H91: =IF(Txn!$B52="","",Txn!$E52) -> 0 | I91: =IF(Txn!$B52="",0,Txn!$O52) -> 0 | J91: =IF(Txn!$B52="",0,Txn!$P52) -> 0 | K91: =IF($A91="","",IFERROR(VALUE(MID($A91,6,2)),"")) -> 0 | L91: =IF(Txn!$K52="","",Txn!$K52) -> 0 | N91: =IF($D91="",0,COUNTIF(BankAccts,$D91)) -> 0
A92: =IF(Txn!$B52="","",Txn!$B52) -> 0 | B92: =IF(Txn!$B52="","",Txn!$C52) -> 0 | C92: =IF(Txn!$B52="","","تراکنش بانکی") -> 0 | D92: =IF(Txn!$B52="","",IF(IF(Txn!$U52="TRF",Txn!$Y52,Txn!$Z52)="","",IF(Txn!$U52="TRF",Txn!$Y52,Txn!$Z52))) -> 0 | E92: =IF($D92="","",IFERROR(VLOOKUP($D92,AcctTbl,2,0),"")) -> 0 | F92: =IF($D92="","",IFERROR(VLOOKUP($D92,AcctTbl,3,0),"")) -> 0 | G92: =IF(Txn!$B52="","",Txn!$D52) -> 0 | H92: =IF(Txn!$B52="","",Txn!$E52) -> 0 | I92: =IF(Txn!$B52="",0,Txn!$Q52) -> 0 | J92: =IF(Txn!$B52="",0,Txn!$R52) -> 0 | K92: =IF($A92="","",IFERROR(VALUE(MID($A92,6,2)),"")) -> 0 | L92: =IF(Txn!$K52="","","طرف مقابل — "&Txn!$K52) -> 0 | N92: =IF($D92="",0,COUNTIF(BankAccts,$D92)) -> 0
A93: =IF(Txn!$B53="","",Txn!$B53) -> 0 | B93: =IF(Txn!$B53="","",Txn!$C53) -> 0 | C93: =IF(Txn!$B53="","","تراکنش بانکی") -> 0 | D93: =IF(Txn!$B53="","",IF(Txn!$X53="","",Txn!$X53)) -> 0 | E93: =IF($D93="","",IFERROR(VLOOKUP($D93,AcctTbl,2,0),"")) -> 0 | F93: =IF($D93="","",IFERROR(VLOOKUP($D93,AcctTbl,3,0),"")) -> 0 | G93: =IF(Txn!$B53="","",Txn!$D53) -> 0 | H93: =IF(Txn!$B53="","",Txn!$E53) -> 0 | I93: =IF(Txn!$B53="",0,Txn!$O53) -> 0 | J93: =IF(Txn!$B53="",0,Txn!$P53) -> 0 | K93: =IF($A93="","",IFERROR(VALUE(MID($A93,6,2)),"")) -> 0 | L93: =IF(Txn!$K53="","",Txn!$K53) -> 0 | N93: =IF($D93="",0,COUNTIF(BankAccts,$D93)) -> 0
A94: =IF(Txn!$B53="","",Txn!$B53) -> 0 | B94: =IF(Txn!$B53="","",Txn!$C53) -> 0 | C94: =IF(Txn!$B53="","","تراکنش بانکی") -> 0 | D94: =IF(Txn!$B53="","",IF(IF(Txn!$U53="TRF",Txn!$Y53,Txn!$Z53)="","",IF(Txn!$U53="TRF",Txn!$Y53,Txn!$Z53))) -> 0 | E94: =IF($D94="","",IFERROR(VLOOKUP($D94,AcctTbl,2,0),"")) -> 0 | F94: =IF($D94="","",IFERROR(VLOOKUP($D94,AcctTbl,3,0),"")) -> 0 | G94: =IF(Txn!$B53="","",Txn!$D53) -> 0 | H94: =IF(Txn!$B53="","",Txn!$E53) -> 0 | I94: =IF(Txn!$B53="",0,Txn!$Q53) -> 0 | J94: =IF(Txn!$B53="",0,Txn!$R53) -> 0 | K94: =IF($A94="","",IFERROR(VALUE(MID($A94,6,2)),"")) -> 0 | L94: =IF(Txn!$K53="","","طرف مقابل — "&Txn!$K53) -> 0 | N94: =IF($D94="",0,COUNTIF(BankAccts,$D94)) -> 0
A95: =IF(Txn!$B54="","",Txn!$B54) -> 0 | B95: =IF(Txn!$B54="","",Txn!$C54) -> 0 | C95: =IF(Txn!$B54="","","تراکنش بانکی") -> 0 | D95: =IF(Txn!$B54="","",IF(Txn!$X54="","",Txn!$X54)) -> 0 | E95: =IF($D95="","",IFERROR(VLOOKUP($D95,AcctTbl,2,0),"")) -> 0 | F95: =IF($D95="","",IFERROR(VLOOKUP($D95,AcctTbl,3,0),"")) -> 0 | G95: =IF(Txn!$B54="","",Txn!$D54) -> 0 | H95: =IF(Txn!$B54="","",Txn!$E54) -> 0 | I95: =IF(Txn!$B54="",0,Txn!$O54) -> 0 | J95: =IF(Txn!$B54="",0,Txn!$P54) -> 0 | K95: =IF($A95="","",IFERROR(VALUE(MID($A95,6,2)),"")) -> 0 | L95: =IF(Txn!$K54="","",Txn!$K54) -> 0 | N95: =IF($D95="",0,COUNTIF(BankAccts,$D95)) -> 0
A96: =IF(Txn!$B54="","",Txn!$B54) -> 0 | B96: =IF(Txn!$B54="","",Txn!$C54) -> 0 | C96: =IF(Txn!$B54="","","تراکنش بانکی") -> 0 | D96: =IF(Txn!$B54="","",IF(IF(Txn!$U54="TRF",Txn!$Y54,Txn!$Z54)="","",IF(Txn!$U54="TRF",Txn!$Y54,Txn!$Z54))) -> 0 | E96: =IF($D96="","",IFERROR(VLOOKUP($D96,AcctTbl,2,0),"")) -> 0 | F96: =IF($D96="","",IFERROR(VLOOKUP($D96,AcctTbl,3,0),"")) -> 0 | G96: =IF(Txn!$B54="","",Txn!$D54) -> 0 | H96: =IF(Txn!$B54="","",Txn!$E54) -> 0 | I96: =IF(Txn!$B54="",0,Txn!$Q54) -> 0 | J96: =IF(Txn!$B54="",0,Txn!$R54) -> 0 | K96: =IF($A96="","",IFERROR(VALUE(MID($A96,6,2)),"")) -> 0 | L96: =IF(Txn!$K54="","","طرف مقابل — "&Txn!$K54) -> 0 | N96: =IF($D96="",0,COUNTIF(BankAccts,$D96)) -> 0
A97: =IF(Txn!$B55="","",Txn!$B55) -> 0 | B97: =IF(Txn!$B55="","",Txn!$C55) -> 0 | C97: =IF(Txn!$B55="","","تراکنش بانکی") -> 0 | D97: =IF(Txn!$B55="","",IF(Txn!$X55="","",Txn!$X55)) -> 0 | E97: =IF($D97="","",IFERROR(VLOOKUP($D97,AcctTbl,2,0),"")) -> 0 | F97: =IF($D97="","",IFERROR(VLOOKUP($D97,AcctTbl,3,0),"")) -> 0 | G97: =IF(Txn!$B55="","",Txn!$D55) -> 0 | H97: =IF(Txn!$B55="","",Txn!$E55) -> 0 | I97: =IF(Txn!$B55="",0,Txn!$O55) -> 0 | J97: =IF(Txn!$B55="",0,Txn!$P55) -> 0 | K97: =IF($A97="","",IFERROR(VALUE(MID($A97,6,2)),"")) -> 0 | L97: =IF(Txn!$K55="","",Txn!$K55) -> 0 | N97: =IF($D97="",0,COUNTIF(BankAccts,$D97)) -> 0
A98: =IF(Txn!$B55="","",Txn!$B55) -> 0 | B98: =IF(Txn!$B55="","",Txn!$C55) -> 0 | C98: =IF(Txn!$B55="","","تراکنش بانکی") -> 0 | D98: =IF(Txn!$B55="","",IF(IF(Txn!$U55="TRF",Txn!$Y55,Txn!$Z55)="","",IF(Txn!$U55="TRF",Txn!$Y55,Txn!$Z55))) -> 0 | E98: =IF($D98="","",IFERROR(VLOOKUP($D98,AcctTbl,2,0),"")) -> 0 | F98: =IF($D98="","",IFERROR(VLOOKUP($D98,AcctTbl,3,0),"")) -> 0 | G98: =IF(Txn!$B55="","",Txn!$D55) -> 0 | H98: =IF(Txn!$B55="","",Txn!$E55) -> 0 | I98: =IF(Txn!$B55="",0,Txn!$Q55) -> 0 | J98: =IF(Txn!$B55="",0,Txn!$R55) -> 0 | K98: =IF($A98="","",IFERROR(VALUE(MID($A98,6,2)),"")) -> 0 | L98: =IF(Txn!$K55="","","طرف مقابل — "&Txn!$K55) -> 0 | N98: =IF($D98="",0,COUNTIF(BankAccts,$D98)) -> 0
A99: =IF(Txn!$B56="","",Txn!$B56) -> 0 | B99: =IF(Txn!$B56="","",Txn!$C56) -> 0 | C99: =IF(Txn!$B56="","","تراکنش بانکی") -> 0 | D99: =IF(Txn!$B56="","",IF(Txn!$X56="","",Txn!$X56)) -> 0 | E99: =IF($D99="","",IFERROR(VLOOKUP($D99,AcctTbl,2,0),"")) -> 0 | F99: =IF($D99="","",IFERROR(VLOOKUP($D99,AcctTbl,3,0),"")) -> 0 | G99: =IF(Txn!$B56="","",Txn!$D56) -> 0 | H99: =IF(Txn!$B56="","",Txn!$E56) -> 0 | I99: =IF(Txn!$B56="",0,Txn!$O56) -> 0 | J99: =IF(Txn!$B56="",0,Txn!$P56) -> 0 | K99: =IF($A99="","",IFERROR(VALUE(MID($A99,6,2)),"")) -> 0 | L99: =IF(Txn!$K56="","",Txn!$K56) -> 0 | N99: =IF($D99="",0,COUNTIF(BankAccts,$D99)) -> 0
A100: =IF(Txn!$B56="","",Txn!$B56) -> 0 | B100: =IF(Txn!$B56="","",Txn!$C56) -> 0 | C100: =IF(Txn!$B56="","","تراکنش بانکی") -> 0 | D100: =IF(Txn!$B56="","",IF(IF(Txn!$U56="TRF",Txn!$Y56,Txn!$Z56)="","",IF(Txn!$U56="TRF",Txn!$Y56,Txn!$Z56))) -> 0 | E100: =IF($D100="","",IFERROR(VLOOKUP($D100,AcctTbl,2,0),"")) -> 0 | F100: =IF($D100="","",IFERROR(VLOOKUP($D100,AcctTbl,3,0),"")) -> 0 | G100: =IF(Txn!$B56="","",Txn!$D56) -> 0 | H100: =IF(Txn!$B56="","",Txn!$E56) -> 0 | I100: =IF(Txn!$B56="",0,Txn!$Q56) -> 0 | J100: =IF(Txn!$B56="",0,Txn!$R56) -> 0 | K100: =IF($A100="","",IFERROR(VALUE(MID($A100,6,2)),"")) -> 0 | L100: =IF(Txn!$K56="","","طرف مقابل — "&Txn!$K56) -> 0 | N100: =IF($D100="",0,COUNTIF(BankAccts,$D100)) -> 0
A101: =IF(Txn!$B57="","",Txn!$B57) -> 0 | B101: =IF(Txn!$B57="","",Txn!$C57) -> 0 | C101: =IF(Txn!$B57="","","تراکنش بانکی") -> 0 | D101: =IF(Txn!$B57="","",IF(Txn!$X57="","",Txn!$X57)) -> 0 | E101: =IF($D101="","",IFERROR(VLOOKUP($D101,AcctTbl,2,0),"")) -> 0 | F101: =IF($D101="","",IFERROR(VLOOKUP($D101,AcctTbl,3,0),"")) -> 0 | G101: =IF(Txn!$B57="","",Txn!$D57) -> 0 | H101: =IF(Txn!$B57="","",Txn!$E57) -> 0 | I101: =IF(Txn!$B57="",0,Txn!$O57) -> 0 | J101: =IF(Txn!$B57="",0,Txn!$P57) -> 0 | K101: =IF($A101="","",IFERROR(VALUE(MID($A101,6,2)),"")) -> 0 | L101: =IF(Txn!$K57="","",Txn!$K57) -> 0 | N101: =IF($D101="",0,COUNTIF(BankAccts,$D101)) -> 0
A102: =IF(Txn!$B57="","",Txn!$B57) -> 0 | B102: =IF(Txn!$B57="","",Txn!$C57) -> 0 | C102: =IF(Txn!$B57="","","تراکنش بانکی") -> 0 | D102: =IF(Txn!$B57="","",IF(IF(Txn!$U57="TRF",Txn!$Y57,Txn!$Z57)="","",IF(Txn!$U57="TRF",Txn!$Y57,Txn!$Z57))) -> 0 | E102: =IF($D102="","",IFERROR(VLOOKUP($D102,AcctTbl,2,0),"")) -> 0 | F102: =IF($D102="","",IFERROR(VLOOKUP($D102,AcctTbl,3,0),"")) -> 0 | G102: =IF(Txn!$B57="","",Txn!$D57) -> 0 | H102: =IF(Txn!$B57="","",Txn!$E57) -> 0 | I102: =IF(Txn!$B57="",0,Txn!$Q57) -> 0 | J102: =IF(Txn!$B57="",0,Txn!$R57) -> 0 | K102: =IF($A102="","",IFERROR(VALUE(MID($A102,6,2)),"")) -> 0 | L102: =IF(Txn!$K57="","","طرف مقابل — "&Txn!$K57) -> 0 | N102: =IF($D102="",0,COUNTIF(BankAccts,$D102)) -> 0
A103: =IF(Txn!$B58="","",Txn!$B58) -> 0 | B103: =IF(Txn!$B58="","",Txn!$C58) -> 0 | C103: =IF(Txn!$B58="","","تراکنش بانکی") -> 0 | D103: =IF(Txn!$B58="","",IF(Txn!$X58="","",Txn!$X58)) -> 0 | E103: =IF($D103="","",IFERROR(VLOOKUP($D103,AcctTbl,2,0),"")) -> 0 | F103: =IF($D103="","",IFERROR(VLOOKUP($D103,AcctTbl,3,0),"")) -> 0 | G103: =IF(Txn!$B58="","",Txn!$D58) -> 0 | H103: =IF(Txn!$B58="","",Txn!$E58) -> 0 | I103: =IF(Txn!$B58="",0,Txn!$O58) -> 0 | J103: =IF(Txn!$B58="",0,Txn!$P58) -> 0 | K103: =IF($A103="","",IFERROR(VALUE(MID($A103,6,2)),"")) -> 0 | L103: =IF(Txn!$K58="","",Txn!$K58) -> 0 | N103: =IF($D103="",0,COUNTIF(BankAccts,$D103)) -> 0
A104: =IF(Txn!$B58="","",Txn!$B58) -> 0 | B104: =IF(Txn!$B58="","",Txn!$C58) -> 0 | C104: =IF(Txn!$B58="","","تراکنش بانکی") -> 0 | D104: =IF(Txn!$B58="","",IF(IF(Txn!$U58="TRF",Txn!$Y58,Txn!$Z58)="","",IF(Txn!$U58="TRF",Txn!$Y58,Txn!$Z58))) -> 0 | E104: =IF($D104="","",IFERROR(VLOOKUP($D104,AcctTbl,2,0),"")) -> 0 | F104: =IF($D104="","",IFERROR(VLOOKUP($D104,AcctTbl,3,0),"")) -> 0 | G104: =IF(Txn!$B58="","",Txn!$D58) -> 0 | H104: =IF(Txn!$B58="","",Txn!$E58) -> 0 | I104: =IF(Txn!$B58="",0,Txn!$Q58) -> 0 | J104: =IF(Txn!$B58="",0,Txn!$R58) -> 0 | K104: =IF($A104="","",IFERROR(VALUE(MID($A104,6,2)),"")) -> 0 | L104: =IF(Txn!$K58="","","طرف مقابل — "&Txn!$K58) -> 0 | N104: =IF($D104="",0,COUNTIF(BankAccts,$D104)) -> 0
A105: =IF(Txn!$B59="","",Txn!$B59) -> 0 | B105: =IF(Txn!$B59="","",Txn!$C59) -> 0 | C105: =IF(Txn!$B59="","","تراکنش بانکی") -> 0 | D105: =IF(Txn!$B59="","",IF(Txn!$X59="","",Txn!$X59)) -> 0 | E105: =IF($D105="","",IFERROR(VLOOKUP($D105,AcctTbl,2,0),"")) -> 0 | F105: =IF($D105="","",IFERROR(VLOOKUP($D105,AcctTbl,3,0),"")) -> 0 | G105: =IF(Txn!$B59="","",Txn!$D59) -> 0 | H105: =IF(Txn!$B59="","",Txn!$E59) -> 0 | I105: =IF(Txn!$B59="",0,Txn!$O59) -> 0 | J105: =IF(Txn!$B59="",0,Txn!$P59) -> 0 | K105: =IF($A105="","",IFERROR(VALUE(MID($A105,6,2)),"")) -> 0 | L105: =IF(Txn!$K59="","",Txn!$K59) -> 0 | N105: =IF($D105="",0,COUNTIF(BankAccts,$D105)) -> 0
A106: =IF(Txn!$B59="","",Txn!$B59) -> 0 | B106: =IF(Txn!$B59="","",Txn!$C59) -> 0 | C106: =IF(Txn!$B59="","","تراکنش بانکی") -> 0 | D106: =IF(Txn!$B59="","",IF(IF(Txn!$U59="TRF",Txn!$Y59,Txn!$Z59)="","",IF(Txn!$U59="TRF",Txn!$Y59,Txn!$Z59))) -> 0 | E106: =IF($D106="","",IFERROR(VLOOKUP($D106,AcctTbl,2,0),"")) -> 0 | F106: =IF($D106="","",IFERROR(VLOOKUP($D106,AcctTbl,3,0),"")) -> 0 | G106: =IF(Txn!$B59="","",Txn!$D59) -> 0 | H106: =IF(Txn!$B59="","",Txn!$E59) -> 0 | I106: =IF(Txn!$B59="",0,Txn!$Q59) -> 0 | J106: =IF(Txn!$B59="",0,Txn!$R59) -> 0 | K106: =IF($A106="","",IFERROR(VALUE(MID($A106,6,2)),"")) -> 0 | L106: =IF(Txn!$K59="","","طرف مقابل — "&Txn!$K59) -> 0 | N106: =IF($D106="",0,COUNTIF(BankAccts,$D106)) -> 0
A107: =IF(Txn!$B60="","",Txn!$B60) -> 0 | B107: =IF(Txn!$B60="","",Txn!$C60) -> 0 | C107: =IF(Txn!$B60="","","تراکنش بانکی") -> 0 | D107: =IF(Txn!$B60="","",IF(Txn!$X60="","",Txn!$X60)) -> 0 | E107: =IF($D107="","",IFERROR(VLOOKUP($D107,AcctTbl,2,0),"")) -> 0 | F107: =IF($D107="","",IFERROR(VLOOKUP($D107,AcctTbl,3,0),"")) -> 0 | G107: =IF(Txn!$B60="","",Txn!$D60) -> 0 | H107: =IF(Txn!$B60="","",Txn!$E60) -> 0 | I107: =IF(Txn!$B60="",0,Txn!$O60) -> 0 | J107: =IF(Txn!$B60="",0,Txn!$P60) -> 0 | K107: =IF($A107="","",IFERROR(VALUE(MID($A107,6,2)),"")) -> 0 | L107: =IF(Txn!$K60="","",Txn!$K60) -> 0 | N107: =IF($D107="",0,COUNTIF(BankAccts,$D107)) -> 0
A108: =IF(Txn!$B60="","",Txn!$B60) -> 0 | B108: =IF(Txn!$B60="","",Txn!$C60) -> 0 | C108: =IF(Txn!$B60="","","تراکنش بانکی") -> 0 | D108: =IF(Txn!$B60="","",IF(IF(Txn!$U60="TRF",Txn!$Y60,Txn!$Z60)="","",IF(Txn!$U60="TRF",Txn!$Y60,Txn!$Z60))) -> 0 | E108: =IF($D108="","",IFERROR(VLOOKUP($D108,AcctTbl,2,0),"")) -> 0 | F108: =IF($D108="","",IFERROR(VLOOKUP($D108,AcctTbl,3,0),"")) -> 0 | G108: =IF(Txn!$B60="","",Txn!$D60) -> 0 | H108: =IF(Txn!$B60="","",Txn!$E60) -> 0 | I108: =IF(Txn!$B60="",0,Txn!$Q60) -> 0 | J108: =IF(Txn!$B60="",0,Txn!$R60) -> 0 | K108: =IF($A108="","",IFERROR(VALUE(MID($A108,6,2)),"")) -> 0 | L108: =IF(Txn!$K60="","","طرف مقابل — "&Txn!$K60) -> 0 | N108: =IF($D108="",0,COUNTIF(BankAccts,$D108)) -> 0
A109: =IF(Txn!$B61="","",Txn!$B61) -> 0 | B109: =IF(Txn!$B61="","",Txn!$C61) -> 0 | C109: =IF(Txn!$B61="","","تراکنش بانکی") -> 0 | D109: =IF(Txn!$B61="","",IF(Txn!$X61="","",Txn!$X61)) -> 0 | E109: =IF($D109="","",IFERROR(VLOOKUP($D109,AcctTbl,2,0),"")) -> 0 | F109: =IF($D109="","",IFERROR(VLOOKUP($D109,AcctTbl,3,0),"")) -> 0 | G109: =IF(Txn!$B61="","",Txn!$D61) -> 0 | H109: =IF(Txn!$B61="","",Txn!$E61) -> 0 | I109: =IF(Txn!$B61="",0,Txn!$O61) -> 0 | J109: =IF(Txn!$B61="",0,Txn!$P61) -> 0 | K109: =IF($A109="","",IFERROR(VALUE(MID($A109,6,2)),"")) -> 0 | L109: =IF(Txn!$K61="","",Txn!$K61) -> 0 | N109: =IF($D109="",0,COUNTIF(BankAccts,$D109)) -> 0
A110: =IF(Txn!$B61="","",Txn!$B61) -> 0 | B110: =IF(Txn!$B61="","",Txn!$C61) -> 0 | C110: =IF(Txn!$B61="","","تراکنش بانکی") -> 0 | D110: =IF(Txn!$B61="","",IF(IF(Txn!$U61="TRF",Txn!$Y61,Txn!$Z61)="","",IF(Txn!$U61="TRF",Txn!$Y61,Txn!$Z61))) -> 0 | E110: =IF($D110="","",IFERROR(VLOOKUP($D110,AcctTbl,2,0),"")) -> 0 | F110: =IF($D110="","",IFERROR(VLOOKUP($D110,AcctTbl,3,0),"")) -> 0 | G110: =IF(Txn!$B61="","",Txn!$D61) -> 0 | H110: =IF(Txn!$B61="","",Txn!$E61) -> 0 | I110: =IF(Txn!$B61="",0,Txn!$Q61) -> 0 | J110: =IF(Txn!$B61="",0,Txn!$R61) -> 0 | K110: =IF($A110="","",IFERROR(VALUE(MID($A110,6,2)),"")) -> 0 | L110: =IF(Txn!$K61="","","طرف مقابل — "&Txn!$K61) -> 0 | N110: =IF($D110="",0,COUNTIF(BankAccts,$D110)) -> 0
A111: =IF(Txn!$B62="","",Txn!$B62) -> 0 | B111: =IF(Txn!$B62="","",Txn!$C62) -> 0 | C111: =IF(Txn!$B62="","","تراکنش بانکی") -> 0 | D111: =IF(Txn!$B62="","",IF(Txn!$X62="","",Txn!$X62)) -> 0 | E111: =IF($D111="","",IFERROR(VLOOKUP($D111,AcctTbl,2,0),"")) -> 0 | F111: =IF($D111="","",IFERROR(VLOOKUP($D111,AcctTbl,3,0),"")) -> 0 | G111: =IF(Txn!$B62="","",Txn!$D62) -> 0 | H111: =IF(Txn!$B62="","",Txn!$E62) -> 0 | I111: =IF(Txn!$B62="",0,Txn!$O62) -> 0 | J111: =IF(Txn!$B62="",0,Txn!$P62) -> 0 | K111: =IF($A111="","",IFERROR(VALUE(MID($A111,6,2)),"")) -> 0 | L111: =IF(Txn!$K62="","",Txn!$K62) -> 0 | N111: =IF($D111="",0,COUNTIF(BankAccts,$D111)) -> 0
...

Sheet Sum
A2: مازندشت · سورتینگ و بسته‌بندی مرکبات · MAZANDASHT · CITRUS SORTING & PACKING
A3: مانده و گردش حساب‌های بانکی
A4: مانده هر بانک = مانده اولیه + دریافت‌ها − پرداخت‌ها · همه از دفتر تراکنش‌ها
A7: جمع مانده بانک‌ها | C7: جمع دریافت | E7: جمع پرداخت | G7: خالص جریان
A8: =SUM($F$12:$F$21) -> 0 | C8: =SUM($C$12:$C$21) -> 0 | E8: =SUM($D$12:$D$21) -> 0 | G8: =$C$22-$D$22 -> 0
A10: وضعیت هر بانک به ترتیب مانده | G10: ۰۱
A11: بانک | B11: مانده اولیه | C11: دریافت | D11: پرداخت | E11: مانده فعلی | F11: سهم | G11: شماره حساب | H11: یادداشت
A12: =INDEX(BankTbl,1,2) -> 0 | B12: =INDEX(BankTbl,1,3) -> 0 | C12: =SUMIFS(Post!$I$13:$I$292,Post!$D$13:$D$292,$G12) -> 0 | D12: =SUMIFS(Post!$J$13:$J$292,Post!$D$13:$D$292,$G12) -> 0 | E12: =$B12+$C12-$D12 -> 0 | F12: =IFERROR($E12/SUM($E$12:$E$21),0) -> 0 | G12: =INDEX(BankTbl,1,4) -> 0 | H12: =INDEX(BankTbl,1,6) -> 0
A13: =INDEX(BankTbl,2,2) -> 0 | B13: =INDEX(BankTbl,2,3) -> 0 | C13: =SUMIFS(Post!$I$13:$I$292,Post!$D$13:$D$292,$G13) -> 0 | D13: =SUMIFS(Post!$J$13:$J$292,Post!$D$13:$D$292,$G13) -> 0 | E13: =$B13+$C13-$D13 -> 0 | F13: =IFERROR($E13/SUM($E$12:$E$21),0) -> 0 | G13: =INDEX(BankTbl,2,4) -> 0 | H13: =INDEX(BankTbl,2,6) -> 0
A14: =INDEX(BankTbl,3,2) -> 0 | B14: =INDEX(BankTbl,3,3) -> 0 | C14: =SUMIFS(Post!$I$13:$I$292,Post!$D$13:$D$292,$G14) -> 0 | D14: =SUMIFS(Post!$J$13:$J$292,Post!$D$13:$D$292,$G14) -> 0 | E14: =$B14+$C14-$D14 -> 0 | F14: =IFERROR($E14/SUM($E$12:$E$21),0) -> 0 | G14: =INDEX(BankTbl,3,4) -> 0 | H14: =INDEX(BankTbl,3,6) -> 0
A15: =INDEX(BankTbl,4,2) -> 0 | B15: =INDEX(BankTbl,4,3) -> 0 | C15: =SUMIFS(Post!$I$13:$I$292,Post!$D$13:$D$292,$G15) -> 0 | D15: =SUMIFS(Post!$J$13:$J$292,Post!$D$13:$D$292,$G15) -> 0 | E15: =$B15+$C15-$D15 -> 0 | F15: =IFERROR($E15/SUM($E$12:$E$21),0) -> 0 | G15: =INDEX(BankTbl,4,4) -> 0 | H15: =INDEX(BankTbl,4,6) -> 0
A16: =INDEX(BankTbl,5,2) -> 0 | B16: =INDEX(BankTbl,5,3) -> 0 | C16: =SUMIFS(Post!$I$13:$I$292,Post!$D$13:$D$292,$G16) -> 0 | D16: =SUMIFS(Post!$J$13:$J$292,Post!$D$13:$D$292,$G16) -> 0 | E16: =$B16+$C16-$D16 -> 0 | F16: =IFERROR($E16/SUM($E$12:$E$21),0) -> 0 | G16: =INDEX(BankTbl,5,4) -> 0 | H16: =INDEX(BankTbl,5,6) -> 0
A17: =INDEX(BankTbl,6,2) -> 0 | B17: =INDEX(BankTbl,6,3) -> 0 | C17: =SUMIFS(Post!$I$13:$I$292,Post!$D$13:$D$292,$G17) -> 0 | D17: =SUMIFS(Post!$J$13:$J$292,Post!$D$13:$D$292,$G17) -> 0 | E17: =$B17+$C17-$D17 -> 0 | F17: =IFERROR($E17/SUM($E$12:$E$21),0) -> 0 | G17: =INDEX(BankTbl,6,4) -> 0 | H17: =INDEX(BankTbl,6,6) -> 0
A18: =INDEX(BankTbl,7,2) -> 0 | B18: =INDEX(BankTbl,7,3) -> 0 | C18: =SUMIFS(Post!$I$13:$I$292,Post!$D$13:$D$292,$G18) -> 0 | D18: =SUMIFS(Post!$J$13:$J$292,Post!$D$13:$D$292,$G18) -> 0 | E18: =$B18+$C18-$D18 -> 0 | F18: =IFERROR($E18/SUM($E$12:$E$21),0) -> 0 | G18: =INDEX(BankTbl,7,4) -> 0 | H18: =INDEX(BankTbl,7,6) -> 0
A19: =INDEX(BankTbl,8,2) -> 0 | B19: =INDEX(BankTbl,8,3) -> 0 | C19: =SUMIFS(Post!$I$13:$I$292,Post!$D$13:$D$292,$G19) -> 0 | D19: =SUMIFS(Post!$J$13:$J$292,Post!$D$13:$D$292,$G19) -> 0 | E19: =$B19+$C19-$D19 -> 0 | F19: =IFERROR($E19/SUM($E$12:$E$21),0) -> 0 | G19: =INDEX(BankTbl,8,4) -> 0 | H19: =INDEX(BankTbl,8,6) -> 0
A20: =INDEX(BankTbl,9,2) -> 0 | B20: =INDEX(BankTbl,9,3) -> 0 | C20: =SUMIFS(Post!$I$13:$I$292,Post!$D$13:$D$292,$G20) -> 0 | D20: =SUMIFS(Post!$J$13:$J$292,Post!$D$13:$D$292,$G20) -> 0 | E20: =$B20+$C20-$D20 -> 0 | F20: =IFERROR($E20/SUM($E$12:$E$21),0) -> 0 | G20: =INDEX(BankTbl,9,4) -> 0 | H20: =INDEX(BankTbl,9,6) -> 0
A21: =INDEX(BankTbl,10,2) -> 0 | B21: =INDEX(BankTbl,10,3) -> 0 | C21: =SUMIFS(Post!$I$13:$I$292,Post!$D$13:$D$292,$G21) -> 0 | D21: =SUMIFS(Post!$J$13:$J$292,Post!$D$13:$D$292,$G21) -> 0 | E21: =$B21+$C21-$D21 -> 0 | F21: =IFERROR($E21/SUM($E$12:$E$21),0) -> 0 | G21: =INDEX(BankTbl,10,4) -> 0 | H21: =INDEX(BankTbl,10,6) -> 0
A22: جمع | B22: =SUM(B12:B21) -> 0 | C22: =SUM(C12:C21) -> 0 | D22: =SUM(D12:D21) -> 0 | E22: =SUM(E12:E21) -> 0 | F22: =IFERROR(SUM($F$12:$F$21),0) -> 0

Sheet Flow
A2: مازندشت · سورتینگ و بسته‌بندی مرکبات · MAZANDASHT · CITRUS SORTING & PACKING
A3: جریان نقدی — ماه به ماه
A4: دریافت، پرداخت و خالص هر ماه شمسی · ستون ماه از تاریخ تراکنش ساخته می‌شود
A7: بهترین ماه (خالص) | C7: بیشترین دریافت | E7: بیشترین پرداخت | G7: میانگین ماهانه
A8: =IFERROR(INDEX($A$13:$A$24,MATCH(MAX($E$13:$E$24),$E$13:$E$24,0)),"—") -> 0 | C8: =MAX($C$13:$C$24) -> 0 | E8: =MAX($D$13:$D$24) -> 0 | G8: =IFERROR(AVERAGE($E$13:$E$24),0) -> 0
A11: ماه | B11: تعداد | C11: دریافت | D11: پرداخت | E11: خالص | F11: تجمعی | G11: نمودار
A12: Month | B12: Count | C12: Inflow | D12: Outflow | E12: Net | F12: Cumulative | G12: Bar
A13: 1 | B13: =COUNTIFS(Post!$K$13:$K$292,$A13,Post!$N$13:$N$292,1) -> 0 | C13: =SUMIFS(Post!$I$13:$I$292,Post!$K$13:$K$292,$A13,Post!$N$13:$N$292,1) -> 0 | D13: =SUMIFS(Post!$J$13:$J$292,Post!$K$13:$K$292,$A13,Post!$N$13:$N$292,1) -> 0 | E13: =$C13-$D13 -> 0 | F13: =IF($A13="","",SUM($E$13:$E13)) -> 0 | G13: =REPT("█",MIN(18,MAX(0,ROUND($C13/MAX($C$13:$C$24)*18,0)))) -> 0
A14: 2 | B14: =COUNTIFS(Post!$K$13:$K$292,$A14,Post!$N$13:$N$292,1) -> 0 | C14: =SUMIFS(Post!$I$13:$I$292,Post!$K$13:$K$292,$A14,Post!$N$13:$N$292,1) -> 0 | D14: =SUMIFS(Post!$J$13:$J$292,Post!$K$13:$K$292,$A14,Post!$N$13:$N$292,1) -> 0 | E14: =$C14-$D14 -> 0 | F14: =IF($A14="","",SUM($E$13:$E14)) -> 0 | G14: =REPT("█",MIN(18,MAX(0,ROUND($C14/MAX($C$13:$C$24)*18,0)))) -> 0
A15: 3 | B15: =COUNTIFS(Post!$K$13:$K$292,$A15,Post!$N$13:$N$292,1) -> 0 | C15: =SUMIFS(Post!$I$13:$I$292,Post!$K$13:$K$292,$A15,Post!$N$13:$N$292,1) -> 0 | D15: =SUMIFS(Post!$J$13:$J$292,Post!$K$13:$K$292,$A15,Post!$N$13:$N$292,1) -> 0 | E15: =$C15-$D15 -> 0 | F15: =IF($A15="","",SUM($E$13:$E15)) -> 0 | G15: =REPT("█",MIN(18,MAX(0,ROUND($C15/MAX($C$13:$C$24)*18,0)))) -> 0
A16: 4 | B16: =COUNTIFS(Post!$K$13:$K$292,$A16,Post!$N$13:$N$292,1) -> 0 | C16: =SUMIFS(Post!$I$13:$I$292,Post!$K$13:$K$292,$A16,Post!$N$13:$N$292,1) -> 0 | D16: =SUMIFS(Post!$J$13:$J$292,Post!$K$13:$K$292,$A16,Post!$N$13:$N$292,1) -> 0 | E16: =$C16-$D16 -> 0 | F16: =IF($A16="","",SUM($E$13:$E16)) -> 0 | G16: =REPT("█",MIN(18,MAX(0,ROUND($C16/MAX($C$13:$C$24)*18,0)))) -> 0
A17: 5 | B17: =COUNTIFS(Post!$K$13:$K$292,$A17,Post!$N$13:$N$292,1) -> 0 | C17: =SUMIFS(Post!$I$13:$I$292,Post!$K$13:$K$292,$A17,Post!$N$13:$N$292,1) -> 0 | D17: =SUMIFS(Post!$J$13:$J$292,Post!$K$13:$K$292,$A17,Post!$N$13:$N$292,1) -> 0 | E17: =$C17-$D17 -> 0 | F17: =IF($A17="","",SUM($E$13:$E17)) -> 0 | G17: =REPT("█",MIN(18,MAX(0,ROUND($C17/MAX($C$13:$C$24)*18,0)))) -> 0
A18: 6 | B18: =COUNTIFS(Post!$K$13:$K$292,$A18,Post!$N$13:$N$292,1) -> 0 | C18: =SUMIFS(Post!$I$13:$I$292,Post!$K$13:$K$292,$A18,Post!$N$13:$N$292,1) -> 0 | D18: =SUMIFS(Post!$J$13:$J$292,Post!$K$13:$K$292,$A18,Post!$N$13:$N$292,1) -> 0 | E18: =$C18-$D18 -> 0 | F18: =IF($A18="","",SUM($E$13:$E18)) -> 0 | G18: =REPT("█",MIN(18,MAX(0,ROUND($C18/MAX($C$13:$C$24)*18,0)))) -> 0
A19: 7 | B19: =COUNTIFS(Post!$K$13:$K$292,$A19,Post!$N$13:$N$292,1) -> 0 | C19: =SUMIFS(Post!$I$13:$I$292,Post!$K$13:$K$292,$A19,Post!$N$13:$N$292,1) -> 0 | D19: =SUMIFS(Post!$J$13:$J$292,Post!$K$13:$K$292,$A19,Post!$N$13:$N$292,1) -> 0 | E19: =$C19-$D19 -> 0 | F19: =IF($A19="","",SUM($E$13:$E19)) -> 0 | G19: =REPT("█",MIN(18,MAX(0,ROUND($C19/MAX($C$13:$C$24)*18,0)))) -> 0
A20: 8 | B20: =COUNTIFS(Post!$K$13:$K$292,$A20,Post!$N$13:$N$292,1) -> 0 | C20: =SUMIFS(Post!$I$13:$I$292,Post!$K$13:$K$292,$A20,Post!$N$13:$N$292,1) -> 0 | D20: =SUMIFS(Post!$J$13:$J$292,Post!$K$13:$K$292,$A20,Post!$N$13:$N$292,1) -> 0 | E20: =$C20-$D20 -> 0 | F20: =IF($A20="","",SUM($E$13:$E20)) -> 0 | G20: =REPT("█",MIN(18,MAX(0,ROUND($C20/MAX($C$13:$C$24)*18,0)))) -> 0
A21: 9 | B21: =COUNTIFS(Post!$K$13:$K$292,$A21,Post!$N$13:$N$292,1) -> 0 | C21: =SUMIFS(Post!$I$13:$I$292,Post!$K$13:$K$292,$A21,Post!$N$13:$N$292,1) -> 0 | D21: =SUMIFS(Post!$J$13:$J$292,Post!$K$13:$K$292,$A21,Post!$N$13:$N$292,1) -> 0 | E21: =$C21-$D21 -> 0 | F21: =IF($A21="","",SUM($E$13:$E21)) -> 0 | G21: =REPT("█",MIN(18,MAX(0,ROUND($C21/MAX($C$13:$C$24)*18,0)))) -> 0
A22: 10 | B22: =COUNTIFS(Post!$K$13:$K$292,$A22,Post!$N$13:$N$292,1) -> 0 | C22: =SUMIFS(Post!$I$13:$I$292,Post!$K$13:$K$292,$A22,Post!$N$13:$N$292,1) -> 0 | D22: =SUMIFS(Post!$J$13:$J$292,Post!$K$13:$K$292,$A22,Post!$N$13:$N$292,1) -> 0 | E22: =$C22-$D22 -> 0 | F22: =IF($A22="","",SUM($E$13:$E22)) -> 0 | G22: =REPT("█",MIN(18,MAX(0,ROUND($C22/MAX($C$13:$C$24)*18,0)))) -> 0
A23: 11 | B23: =COUNTIFS(Post!$K$13:$K$292,$A23,Post!$N$13:$N$292,1) -> 0 | C23: =SUMIFS(Post!$I$13:$I$292,Post!$K$13:$K$292,$A23,Post!$N$13:$N$292,1) -> 0 | D23: =SUMIFS(Post!$J$13:$J$292,Post!$K$13:$K$292,$A23,Post!$N$13:$N$292,1) -> 0 | E23: =$C23-$D23 -> 0 | F23: =IF($A23="","",SUM($E$13:$E23)) -> 0 | G23: =REPT("█",MIN(18,MAX(0,ROUND($C23/MAX($C$13:$C$24)*18,0)))) -> 0
A24: 12 | B24: =COUNTIFS(Post!$K$13:$K$292,$A24,Post!$N$13:$N$292,1) -> 0 | C24: =SUMIFS(Post!$I$13:$I$292,Post!$K$13:$K$292,$A24,Post!$N$13:$N$292,1) -> 0 | D24: =SUMIFS(Post!$J$13:$J$292,Post!$K$13:$K$292,$A24,Post!$N$13:$N$292,1) -> 0 | E24: =$C24-$D24 -> 0 | F24: =IF($A24="","",SUM($E$13:$E24)) -> 0 | G24: =REPT("█",MIN(18,MAX(0,ROUND($C24/MAX($C$13:$C$24)*18,0)))) -> 0
A25: جمع سال | B25: =SUM(B13:B24) -> 0 | C25: =SUM(C13:C24) -> 0 | D25: =SUM(D13:D24) -> 0 | E25: =SUM(E13:E24) -> 0

Sheet Anal
A2: مازندشت · سورتینگ و بسته‌بندی مرکبات · MAZANDASHT · CITRUS SORTING & PACKING
A3: تحلیل تراکنش‌ها
A4: بر پایه نوع عملیات، روش پرداخت و طرف حساب · سه مدل تحلیل در یک صفحه
A7: تحلیل بر اساس نوع عملیات کدام عملیات بیشترین گردش را دارد؟ | F7: ۰۱
A8: نوع عملیات | B8: تعداد | C8: دریافت | D8: پرداخت | E8: خالص | F8: سهم پرداخت | G8: نمودار
A9: Operation | B9: Count | C9: In | D9: Out | E9: Net | F9: Share | G9: Bar
A10: دریافت از مشتری | B10: =COUNTIF(Txn!$D$13:$D$152,$A10) -> 0 | C10: =SUMIFS(Txn!$M$13:$M$152,Txn!$D$13:$D$152,$A10,Txn!$U$13:$U$152,"IN") -> 0 | D10: =SUMIFS(Txn!$M$13:$M$152,Txn!$D$13:$D$152,$A10,Txn!$U$13:$U$152,"OUT") -> 0 | E10: =$C10-$D10 -> 0 | F10: =IFERROR($D10/SUM($D$10:$D$25),0) -> 0 | G10: =REPT("█",MIN(16,ROUND(MAX($C10,$D10)/MAX(1,MAX($C$10:$C$25),MAX($D$10:$D$25))*16,0))) -> 0
A11: پرداخت به مشتری | B11: =COUNTIF(Txn!$D$13:$D$152,$A11) -> 0 | C11: =SUMIFS(Txn!$M$13:$M$152,Txn!$D$13:$D$152,$A11,Txn!$U$13:$U$152,"IN") -> 0 | D11: =SUMIFS(Txn!$M$13:$M$152,Txn!$D$13:$D$152,$A11,Txn!$U$13:$U$152,"OUT") -> 0 | E11: =$C11-$D11 -> 0 | F11: =IFERROR($D11/SUM($D$10:$D$25),0) -> 0 | G11: =REPT("█",MIN(16,ROUND(MAX($C11,$D11)/MAX(1,MAX($C$10:$C$25),MAX($D$10:$D$25))*16,0))) -> 0
A12: دریافت نقدی و واریز به بانک | B12: =COUNTIF(Txn!$D$13:$D$152,$A12) -> 0 | C12: =SUMIFS(Txn!$M$13:$M$152,Txn!$D$13:$D$152,$A12,Txn!$U$13:$U$152,"IN") -> 0 | D12: =SUMIFS(Txn!$M$13:$M$152,Txn!$D$13:$D$152,$A12,Txn!$U$13:$U$152,"OUT") -> 0 | E12: =$C12-$D12 -> 0 | F12: =IFERROR($D12/SUM($D$10:$D$25),0) -> 0 | G12: =REPT("█",MIN(16,ROUND(MAX($C12,$D12)/MAX(1,MAX($C$10:$C$25),MAX($D$10:$D$25))*16,0))) -> 0
A13: پرداخت هزینه | B13: =COUNTIF(Txn!$D$13:$D$152,$A13) -> 0 | C13: =SUMIFS(Txn!$M$13:$M$152,Txn!$D$13:$D$152,$A13,Txn!$U$13:$U$152,"IN") -> 0 | D13: =SUMIFS(Txn!$M$13:$M$152,Txn!$D$13:$D$152,$A13,Txn!$U$13:$U$152,"OUT") -> 0 | E13: =$C13-$D13 -> 0 | F13: =IFERROR($D13/SUM($D$10:$D$25),0) -> 0 | G13: =REPT("█",MIN(16,ROUND(MAX($C13,$D13)/MAX(1,MAX($C$10:$C$25),MAX($D$10:$D$25))*16,0))) -> 0
A14: انتقال داخلی بین بانک‌ها | B14: =COUNTIF(Txn!$D$13:$D$152,$A14) -> 0 | C14: =SUMIFS(Txn!$M$13:$M$152,Txn!$D$13:$D$152,$A14,Txn!$U$13:$U$152,"IN") -> 0 | D14: =SUMIFS(Txn!$M$13:$M$152,Txn!$D$13:$D$152,$A14,Txn!$U$13:$U$152,"OUT") -> 0 | E14: =$C14-$D14 -> 0 | F14: =IFERROR($D14/SUM($D$10:$D$25),0) -> 0 | G14: =REPT("█",MIN(16,ROUND(MAX($C14,$D14)/MAX(1,MAX($C$10:$C$25),MAX($D$10:$D$25))*16,0))) -> 0
A15: پرداخت انعام مصطفی | B15: =COUNTIF(Txn!$D$13:$D$152,$A15) -> 0 | C15: =SUMIFS(Txn!$M$13:$M$152,Txn!$D$13:$D$152,$A15,Txn!$U$13:$U$152,"IN") -> 0 | D15: =SUMIFS(Txn!$M$13:$M$152,Txn!$D$13:$D$152,$A15,Txn!$U$13:$U$152,"OUT") -> 0 | E15: =$C15-$D15 -> 0 | F15: =IFERROR($D15/SUM($D$10:$D$25),0) -> 0 | G15: =REPT("█",MIN(16,ROUND(MAX($C15,$D15)/MAX(1,MAX($C$10:$C$25),MAX($D$10:$D$25))*16,0))) -> 0
A16: دریافت هزینه باسکول دیگران | B16: =COUNTIF(Txn!$D$13:$D$152,$A16) -> 0 | C16: =SUMIFS(Txn!$M$13:$M$152,Txn!$D$13:$D$152,$A16,Txn!$U$13:$U$152,"IN") -> 0 | D16: =SUMIFS(Txn!$M$13:$M$152,Txn!$D$13:$D$152,$A16,Txn!$U$13:$U$152,"OUT") -> 0 | E16: =$C16-$D16 -> 0 | F16: =IFERROR($D16/SUM($D$10:$D$25),0) -> 0 | G16: =REPT("█",MIN(16,ROUND(MAX($C16,$D16)/MAX(1,MAX($C$10:$C$25),MAX($D$10:$D$25))*16,0))) -> 0
A17: پرداخت به باسکول دیگران | B17: =COUNTIF(Txn!$D$13:$D$152,$A17) -> 0 | C17: =SUMIFS(Txn!$M$13:$M$152,Txn!$D$13:$D$152,$A17,Txn!$U$13:$U$152,"IN") -> 0 | D17: =SUMIFS(Txn!$M$13:$M$152,Txn!$D$13:$D$152,$A17,Txn!$U$13:$U$152,"OUT") -> 0 | E17: =$C17-$D17 -> 0 | F17: =IFERROR($D17/SUM($D$10:$D$25),0) -> 0 | G17: =REPT("█",MIN(16,ROUND(MAX($C17,$D17)/MAX(1,MAX($C$10:$C$25),MAX($D$10:$D$25))*16,0))) -> 0
A18: واریز پز باسکول (۲۰۰۶) | B18: =COUNTIF(Txn!$D$13:$D$152,$A18) -> 0 | C18: =SUMIFS(Txn!$M$13:$M$152,Txn!$D$13:$D$152,$A18,Txn!$U$13:$U$152,"IN") -> 0 | D18: =SUMIFS(Txn!$M$13:$M$152,Txn!$D$13:$D$152,$A18,Txn!$U$13:$U$152,"OUT") -> 0 | E18: =$C18-$D18 -> 0 | F18: =IFERROR($D18/SUM($D$10:$D$25),0) -> 0 | G18: =REPT("█",MIN(16,ROUND(MAX($C18,$D18)/MAX(1,MAX($C$10:$C$25),MAX($D$10:$D$25))*16,0))) -> 0
A19: پاس چک (پرداخت چک) | B19: =COUNTIF(Txn!$D$13:$D$152,$A19) -> 0 | C19: =SUMIFS(Txn!$M$13:$M$152,Txn!$D$13:$D$152,$A19,Txn!$U$13:$U$152,"IN") -> 0 | D19: =SUMIFS(Txn!$M$13:$M$152,Txn!$D$13:$D$152,$A19,Txn!$U$13:$U$152,"OUT") -> 0 | E19: =$C19-$D19 -> 0 | F19: =IFERROR($D19/SUM($D$10:$D$25),0) -> 0 | G19: =REPT("█",MIN(16,ROUND(MAX($C19,$D19)/MAX(1,MAX($C$10:$C$25),MAX($D$10:$D$25))*16,0))) -> 0
A20: برگشت چک دریافتی | B20: =COUNTIF(Txn!$D$13:$D$152,$A20) -> 0 | C20: =SUMIFS(Txn!$M$13:$M$152,Txn!$D$13:$D$152,$A20,Txn!$U$13:$U$152,"IN") -> 0 | D20: =SUMIFS(Txn!$M$13:$M$152,Txn!$D$13:$D$152,$A20,Txn!$U$13:$U$152,"OUT") -> 0 | E20: =$C20-$D20 -> 0 | F20: =IFERROR($D20/SUM($D$10:$D$25),0) -> 0 | G20: =REPT("█",MIN(16,ROUND(MAX($C20,$D20)/MAX(1,MAX($C$10:$C$25),MAX($D$10:$D$25))*16,0))) -> 0
A21: واریز چک به حساب | B21: =COUNTIF(Txn!$D$13:$D$152,$A21) -> 0 | C21: =SUMIFS(Txn!$M$13:$M$152,Txn!$D$13:$D$152,$A21,Txn!$U$13:$U$152,"IN") -> 0 | D21: =SUMIFS(Txn!$M$13:$M$152,Txn!$D$13:$D$152,$A21,Txn!$U$13:$U$152,"OUT") -> 0 | E21: =$C21-$D21 -> 0 | F21: =IFERROR($D21/SUM($D$10:$D$25),0) -> 0 | G21: =REPT("█",MIN(16,ROUND(MAX($C21,$D21)/MAX(1,MAX($C$10:$C$25),MAX($D$10:$D$25))*16,0))) -> 0
... A27: تسویه پرداخت (واسط) | B27: =COUNTIF(Txn!$D$13:$D$152,$A27) -> 0 | C27: =SUMIFS(Txn!$M$13:$M$152,Txn!$D$13:$D$152,$A27,Txn!$U$13:$U$152,"IN") -> 0 | D27: =SUMIFS(Txn!$M$13:$M$152,Txn!$D$13:$D$152,$A27,Txn!$U$13:$U$152,"OUT") -> 0 | E27: =$C27-$D27 -> 0 | F27: =IFERROR($D27/SUM($D$10:$D$25),0) -> 0 | G27: =REPT("█",MIN(16,ROUND(MAX($C27,$D27)/MAX(1,MAX($C$10:$C$25),MAX($D$10:$D$25))*16,0))) -> 0
A28: تحلیل بر اساس روش پرداخت نقد، چک، انتقال، کارت/پوز، حواله | F28: ۰۲
A29: روش | B29: تعداد | C29: دریافت | D29: پرداخت | E29: خالص | F29: سهم
A30: نقد | B30: =COUNTIFS(Txn!$G$13:$G$152,$A30) -> 0 | C30: =SUMIFS(Txn!$O$13:$O$152,Txn!$G$13:$G$152,$A30) -> 0 | D30: =SUMIFS(Txn!$P$13:$P$152,Txn!$G$13:$G$152,$A30) -> 0 | E30: =$C30-$D30 -> 0 | F30: =IFERROR($D30/SUM($D$30:$D$34),0) -> 0
A31: چک | B31: =COUNTIFS(Txn!$G$13:$G$152,$A31) -> 0 | C31: =SUMIFS(Txn!$O$13:$O$152,Txn!$G$13:$G$152,$A31) -> 0 | D31: =SUMIFS(Txn!$P$13:$P$152,Txn!$G$13:$G$152,$A31) -> 0 | E31: =$C31-$D31 -> 0 | F31: =IFERROR($D31/SUM($D$30:$D$34),0) -> 0
A32: انتقال بانکی | B32: =COUNTIFS(Txn!$G$13:$G$152,$A32) -> 0 | C32: =SUMIFS(Txn!$O$13:$O$152,Txn!$G$13:$G$152,$A32) -> 0 | D32: =SUMIFS(Txn!$P$13:$P$152,Txn!$G$13:$G$152,$A32) -> 0 | E32: =$C32-$D32 -> 0 | F32: =IFERROR($D32/SUM($D$30:$D$34),0) -> 0
A33: کارت/پوز | B33: =COUNTIFS(Txn!$G$13:$G$152,$A33) -> 0 | C33: =SUMIFS(Txn!$O$13:$O$152,Txn!$G$13:$G$152,$A33) -> 0 | D33: =SUMIFS(Txn!$P$13:$P$152,Txn!$G$13:$G$152,$A33) -> 0 | E33: =$C33-$D33 -> 0 | F33: =IFERROR($D33/SUM($D$30:$D$34),0) -> 0
A34: حواله | B34: =COUNTIFS(Txn!$G$13:$G$152,$A34) -> 0 | C34: =SUMIFS(Txn!$O$13:$O$152,Txn!$G$13:$G$152,$A34) -> 0 | D34: =SUMIFS(Txn!$P$13:$P$152,Txn!$G$13:$G$152,$A34) -> 0 | E34: =$C34-$D34 -> 0 | F34: =IFERROR($D34/SUM($D$30:$D$34),0) -> 0
A37: بزرگ‌ترین طرف حساب‌ها جمع گردش هر طرف حساب در دفتر تراکنش‌ها | F37: ۰۳
A38: کد حساب | B38: نام | C38: گروه | D38: جمع بدهکار | E38: جمع بستانکار | F38: خالص
A39: =IFERROR(INDEX(Post!$D$13:$D$292,MATCH(LARGE(Post!$I$13:$I$292,1),Post!$I$13:$I$292,0)),"") -> 0 | B39: =IF($A39="","",IFERROR(VLOOKUP($A39,AcctTbl,2,0),"")) -> 0 | C39: =IF($A39="","",IFERROR(VLOOKUP($A39,AcctTbl,3,0),"")) -> 0 | D39: =IF($A39="","",SUMIF(Post!$D$13:$D$292,$A39,Post!$I$13:$I$292)) -> 0 | E39: =IF($A39="","",SUMIF(Post!$D$13:$D$292,$A39,Post!$J$13:$J$292)) -> 0 | F39: =IF($A39="","",$D39-$E39) -> 0
A40: =IFERROR(INDEX(Post!$D$13:$D$292,MATCH(LARGE(Post!$I$13:$I$292,1),Post!$I$13:$I$292,0)),"") -> 0 | B40: =IF($A40="","",IFERROR(VLOOKUP($A40,AcctTbl,2,0),"")) -> 0 | C40: =IF($A40="","",IFERROR(VLOOKUP($A40,AcctTbl,3,0),"")) -> 0 | D40: =IF($A40="","",SUMIF(Post!$D$13:$D$292,$A40,Post!$I$13:$I$292)) -> 0 | E40: =IF($A40="","",SUMIF(Post!$D$13:$D$292,$A40,Post!$J$13:$J$292)) -> 0 | F40: =IF($A40="","",$D40-$E40) -> 0
A41: =IFERROR(INDEX(Post!$D$13:$D$292,MATCH(LARGE(Post!$I$13:$I$292,1),Post!$I$13:$I$292,0)),"") -> 0 | B41: =IF($A41="","",IFERROR(VLOOKUP($A41,AcctTbl,2,0),"")) -> 0 | C41: =IF($A41="","",IFERROR(VLOOKUP($A41,AcctTbl,3,0),"")) -> 0 | D41: =IF($A41="","",SUMIF(Post!$D$13:$D$292,$A41,Post!$I$13:$I$292)) -> 0 | E41: =IF($A41="","",SUMIF(Post!$D$13:$D$292,$A41,Post!$J$13:$J$292)) -> 0 | F41: =IF($A41="","",$D41-$E41) -> 0
A42: =IFERROR(INDEX(Post!$D$13:$D$292,MATCH(LARGE(Post!$I$13:$I$292,1),Post!$I$13:$I$292,0)),"") -> 0 | B42: =IF($A42="","",IFERROR(VLOOKUP($A42,AcctTbl,2,0),"")) -> 0 | C42: =IF($A42="","",IFERROR(VLOOKUP($A42,AcctTbl,3,0),"")) -> 0 | D42: =IF($A42="","",SUMIF(Post!$D$13:$D$292,$A42,Post!$I$13:$I$292)) -> 0 | E42: =IF($A42="","",SUMIF(Post!$D$13:$D$292,$A42,Post!$J$13:$J$292)) -> 0 | F42: =IF($A42="","",$D42-$E42) -> 0
A43: =IFERROR(INDEX(Post!$D$13:$D$292,MATCH(LARGE(Post!$I$13:$I$292,1),Post!$I$13:$I$292,0)),"") -> 0 | B43: =IF($A43="","",IFERROR(VLOOKUP($A43,AcctTbl,2,0),"")) -> 0 | C43: =IF($A43="","",IFERROR(VLOOKUP($A43,AcctTbl,3,0),"")) -> 0 | D43: =IF($A43="","",SUMIF(Post!$D$13:$D$292,$A43,Post!$I$13:$I$292)) -> 0 | E43: =IF($A43="","",SUMIF(Post!$D$13:$D$292,$A43,Post!$J$13:$J$292)) -> 0 | F43: =IF($A43="","",$D43-$E43) -> 0
A44: =IFERROR(INDEX(Post!$D$13:$D$292,MATCH(LARGE(Post!$I$13:$I$292,1),Post!$I$13:$I$292,0)),"") -> 0 | B44: =IF($A44="","",IFERROR(VLOOKUP($A44,AcctTbl,2,0),"")) -> 0 | C44: =IF($A44="","",IFERROR(VLOOKUP($A44,AcctTbl,3,0),"")) -> 0 | D44: =IF($A44="","",SUMIF(Post!$D$13:$D$292,$A44,Post!$I$13:$I$292)) -> 0 | E44: =IF($A44="","",SUMIF(Post!$D$13:$D$292,$A44,Post!$J$13:$J$292)) -> 0 | F44: =IF($A44="","",$D44-$E44) -> 0
A45: =IFERROR(INDEX(Post!$D$13:$D$292,MATCH(LARGE(Post!$I$13:$I$292,1),Post!$I$13:$I$292,0)),"") -> 0 | B45: =IF($A45="","",IFERROR(VLOOKUP($A45,AcctTbl,2,0),"")) -> 0 | C45: =IF($A45="","",IFERROR(VLOOKUP($A45,AcctTbl,3,0),"")) -> 0 | D45: =IF($A45="","",SUMIF(Post!$D$13:$D$292,$A45,Post!$I$13:$I$292)) -> 0 | E45: =IF($A45="","",SUMIF(Post!$D$13:$D$292,$A45,Post!$J$13:$J$292)) -> 0 | F45: =IF($A45="","",$D45-$E45) -> 0
A46: =IFERROR(INDEX(Post!$D$13:$D$292,MATCH(LARGE(Post!$I$13:$I$292,1),Post!$I$13:$I$292,0)),"") -> 0 | B46: =IF($A46="","",IFERROR(VLOOKUP($A46,AcctTbl,2,0),"")) -> 0 | C46: =IF($A46="","",IFERROR(VLOOKUP($A46,AcctTbl,3,0),"")) -> 0 | D46: =IF($A46="","",SUMIF(Post!$D$13:$D$292,$A46,Post!$I$13:$I$292)) -> 0 | E46: =IF($A46="","",SUMIF(Post!$D$13:$D$292,$A46,Post!$J$13:$J$292)) -> 0 | F46: =IF($A46="","",$D46-$E46) -> 0
A48: فهرست بالا با LARGE مرتب می‌شود؛ برای دیدن ریز هر طرف حساب، شیت Post را فیلتر کنید یا از فایل گزارش (03) استفاده کنید.

Sheet Card
A2: مازندشت · سورتینگ و بسته‌بندی مرکبات · MAZANDASHT · CITRUS SORTING & PACKING
A3: کارت به کارت و پز — تحلیل بانکی
A4: هر واریزی کارت/پوز کدام بانک را شارژ کرده است؟ · پایه کنترل با باسکول
A7: کل کارت/پوز | C7: کل پز باسکول | E7: کارت به کارت سایر | G7: سهم ۲۰۰۶
A8: =SUM($C$13:$C$22) -> 0 | C8: =SUM($D$13:$D$22) -> 0 | E8: =$A$8-$C$8 -> 0 | G8: =IFERROR($C$8/$A$8,0) -> 0
A11: بانک | B11: تعداد | C11: کارت/پوز | D11: از آن: پز باسکول | E11: سایر کارت‌ها | F11: سهم | G11: هشدار
A12: Bank | B12: Count | C12: Card | D12: POS | E12: Other | F12: Share | G12: Alert
A13: =INDEX(BankTbl,1,2) -> 0 | B13: =COUNTIFS(Post!$D$13:$D$292,INDEX(BankTbl,1,4),Post!$G$13:$G$292,"*پز*")+COUNTIFS(Post!$D$13:$D$292,INDEX(BankTbl,1,4),Post!$G$13:$G$292,"*دریافت*") -> 0 | C13: =SUMIFS(Txn!$O$13:$O$152,Txn!$E$13:$E$152,INDEX(BankTbl,1,1),Txn!$G$13:$G$152,"کارت/پوز") -> 0 | D13: =SUMIFS(Txn!$O$13:$O$152,Txn!$E$13:$E$152,INDEX(BankTbl,1,1),Txn!$D$13:$D$152,"واریز پز باسکول (۲۰۰۶)") -> 0 | E13: =$C13-$D13 -> 0 | F13: =IFERROR($C13/SUM($C$13:$C$22),0) -> 0 | G13: =IF($C13=0,"—",IF($D13=0,"ℹ بدون پز","✓")) -> 0
A14: =INDEX(BankTbl,2,2) -> 0 | B14: =COUNTIFS(Post!$D$13:$D$292,INDEX(BankTbl,2,4),Post!$G$13:$G$292,"*پز*")+COUNTIFS(Post!$D$13:$D$292,INDEX(BankTbl,2,4),Post!$G$13:$G$292,"*دریافت*") -> 0 | C14: =SUMIFS(Txn!$O$13:$O$152,Txn!$E$13:$E$152,INDEX(BankTbl,2,1),Txn!$G$13:$G$152,"کارت/پوز") -> 0 | D14: =SUMIFS(Txn!$O$13:$O$152,Txn!$E$13:$E$152,INDEX(BankTbl,2,1),Txn!$D$13:$D$152,"واریز پز باسکول (۲۰۰۶)") -> 0 | E14: =$C14-$D14 -> 0 | F14: =IFERROR($C14/SUM($C$13:$C$22),0) -> 0 | G14: =IF($C14=0,"—",IF($D14=0,"ℹ بدون پز","✓")) -> 0
A15: =INDEX(BankTbl,3,2) -> 0 | B15: =COUNTIFS(Post!$D$13:$D$292,INDEX(BankTbl,3,4),Post!$G$13:$G$292,"*پز*")+COUNTIFS(Post!$D$13:$D$292,INDEX(BankTbl,3,4),Post!$G$13:$G$292,"*دریافت*") -> 0 | C15: =SUMIFS(Txn!$O$13:$O$152,Txn!$E$13:$E$152,INDEX(BankTbl,3,1),Txn!$G$13:$G$152,"کارت/پوز") -> 0 | D15: =SUMIFS(Txn!$O$13:$O$152,Txn!$E$13:$E$152,INDEX(BankTbl,3,1),Txn!$D$13:$D$152,"واریز پز باسکول (۲۰۰۶)") -> 0 | E15: =$C15-$D15 -> 0 | F15: =IFERROR($C15/SUM($C$13:$C$22),0) -> 0 | G15: =IF($C15=0,"—",IF($D15=0,"ℹ بدون پز","✓")) -> 0
A16: =INDEX(BankTbl,4,2) -> 0 | B16: =COUNTIFS(Post!$D$13:$D$292,INDEX(BankTbl,4,4),Post!$G$13:$G$292,"*پز*")+COUNTIFS(Post!$D$13:$D$292,INDEX(BankTbl,4,4),Post!$G$13:$G$292,"*دریافت*") -> 0 | C16: =SUMIFS(Txn!$O$13:$O$152,Txn!$E$13:$E$152,INDEX(BankTbl,4,1),Txn!$G$13:$G$152,"کارت/پوز") -> 0 | D16: =SUMIFS(Txn!$O$13:$O$152,Txn!$E$13:$E$152,INDEX(BankTbl,4,1),Txn!$D$13:$D$152,"واریز پز باسکول (۲۰۰۶)") -> 0 | E16: =$C16-$D16 -> 0 | F16: =IFERROR($C16/SUM($C$13:$C$22),0) -> 0 | G16: =IF($C16=0,"—",IF($D16=0,"ℹ بدون پز","✓")) -> 0
A17: =INDEX(BankTbl,5,2) -> 0 | B17: =COUNTIFS(Post!$D$13:$D$292,INDEX(BankTbl,5,4),Post!$G$13:$G$292,"*پز*")+COUNTIFS(Post!$D$13:$D$292,INDEX(BankTbl,5,4),Post!$G$13:$G$292,"*دریافت*") -> 0 | C17: =SUMIFS(Txn!$O$13:$O$152,Txn!$E$13:$E$152,INDEX(BankTbl,5,1),Txn!$G$13:$G$152,"کارت/پوز") -> 0 | D17: =SUMIFS(Txn!$O$13:$O$152,Txn!$E$13:$E$152,INDEX(BankTbl,5,1),Txn!$D$13:$D$152,"واریز پز باسکول (۲۰۰۶)") -> 0 | E17: =$C17-$D17 -> 0 | F17: =IFERROR($C17/SUM($C$13:$C$22),0) -> 0 | G17: =IF($C17=0,"—",IF($D17=0,"ℹ بدون پز","✓")) -> 0
A18: =INDEX(BankTbl,6,2) -> 0 | B18: =COUNTIFS(Post!$D$13:$D$292,INDEX(BankTbl,6,4),Post!$G$13:$G$292,"*پز*")+COUNTIFS(Post!$D$13:$D$292,INDEX(BankTbl,6,4),Post!$G$13:$G$292,"*دریافت*") -> 0 | C18: =SUMIFS(Txn!$O$13:$O$152,Txn!$E$13:$E$152,INDEX(BankTbl,6,1),Txn!$G$13:$G$152,"کارت/پوز") -> 0 | D18: =SUMIFS(Txn!$O$13:$O$152,Txn!$E$13:$E$152,INDEX(BankTbl,6,1),Txn!$D$13:$D$152,"واریز پز باسکول (۲۰۰۶)") -> 0 | E18: =$C18-$D18 -> 0 | F18: =IFERROR($C18/SUM($C$13:$C$22),0) -> 0 | G18: =IF($C18=0,"—",IF($D18=0,"ℹ بدون پز","✓")) -> 0
A19: =INDEX(BankTbl,7,2) -> 0 | B19: =COUNTIFS(Post!$D$13:$D$292,INDEX(BankTbl,7,4),Post!$G$13:$G$292,"*پز*")+COUNTIFS(Post!$D$13:$D$292,INDEX(BankTbl,7,4),Post!$G$13:$G$292,"*دریافت*") -> 0 | C19: =SUMIFS(Txn!$O$13:$O$152,Txn!$E$13:$E$152,INDEX(BankTbl,7,1),Txn!$G$13:$G$152,"کارت/پوز") -> 0 | D19: =SUMIFS(Txn!$O$13:$O$152,Txn!$E$13:$E$152,INDEX(BankTbl,7,1),Txn!$D$13:$D$152,"واریز پز باسکول (۲۰۰۶)") -> 0 | E19: =$C19-$D19 -> 0 | F19: =IFERROR($C19/SUM($C$13:$C$22),0) -> 0 | G19: =IF($C19=0,"—",IF($D19=0,"ℹ بدون پز","✓")) -> 0
A20: =INDEX(BankTbl,8,2) -> 0 | B20: =COUNTIFS(Post!$D$13:$D$292,INDEX(BankTbl,8,4),Post!$G$13:$G$292,"*پز*")+COUNTIFS(Post!$D$13:$D$292,INDEX(BankTbl,8,4),Post!$G$13:$G$292,"*دریافت*") -> 0 | C20: =SUMIFS(Txn!$O$13:$O$152,Txn!$E$13:$E$152,INDEX(BankTbl,8,1),Txn!$G$13:$G$152,"کارت/پوز") -> 0 | D20: =SUMIFS(Txn!$O$13:$O$152,Txn!$E$13:$E$152,INDEX(BankTbl,8,1),Txn!$D$13:$D$152,"واریز پز باسکول (۲۰۰۶)") -> 0 | E20: =$C20-$D20 -> 0 | F20: =IFERROR($C20/SUM($C$13:$C$22),0) -> 0 | G20: =IF($C20=0,"—",IF($D20=0,"ℹ بدون پز","✓")) -> 0
A21: =INDEX(BankTbl,9,2) -> 0 | B21: =COUNTIFS(Post!$D$13:$D$292,INDEX(BankTbl,9,4),Post!$G$13:$G$292,"*پز*")+COUNTIFS(Post!$D$13:$D$292,INDEX(BankTbl,9,4),Post!$G$13:$G$292,"*دریافت*") -> 0 | C21: =SUMIFS(Txn!$O$13:$O$152,Txn!$E$13:$E$152,INDEX(BankTbl,9,1),Txn!$G$13:$G$152,"کارت/پوز") -> 0 | D21: =SUMIFS(Txn!$O$13:$O$152,Txn!$E$13:$E$152,INDEX(BankTbl,9,1),Txn!$D$13:$D$152,"واریز پز باسکول (۲۰۰۶)") -> 0 | E21: =$C21-$D21 -> 0 | F21: =IFERROR($C21/SUM($C$13:$C$22),0) -> 0 | G21: =IF($C21=0,"—",IF($D21=0,"ℹ بدون پز","✓")) -> 0
A22: =INDEX(BankTbl,10,2) -> 0 | B22: =COUNTIFS(Post!$D$13:$D$292,INDEX(BankTbl,10,4),Post!$G$13:$G$292,"*پز*")+COUNTIFS(Post!$D$13:$D$292,INDEX(BankTbl,10,4),Post!$G$13:$G$292,"*دریافت*") -> 0 | C22: =SUMIFS(Txn!$O$13:$O$152,Txn!$E$13:$E$152,INDEX(BankTbl,10,1),Txn!$G$13:$G$152,"کارت/پوز") -> 0 | D22: =SUMIFS(Txn!$O$13:$O$152,Txn!$E$13:$E$152,INDEX(BankTbl,10,1),Txn!$D$13:$D$152,"واریز پز باسکول (۲۰۰۶)") -> 0 | E22: =$C22-$D22 -> 0 | F22: =IFERROR($C22/SUM($C$13:$C$22),0) -> 0 | G22: =IF($C22=0,"—",IF($D22=0,"ℹ بدون پز","✓")) -> 0
A35: پز باسکول همان واریزی سرجمع روز بعد است. اگر جمع پز این صفحه با جمع پز شیت POS در 01_Entry یکی نبود، یعنی یک واریزی ثبت نشده یا یک تراکنش به بانک اشتباه زده شده است.

Sheet Chq
A2: مازندشت · سورتینگ و بسته‌بندی مرکبات · MAZANDASHT · CITRUS SORTING & PACKING
A3: دفتر چک‌ها
A4: چک‌های دریافتی و پرداختی · سررسید، وضعیت و مبلغ در یک نگاه
A7: تعداد چک | D7: در جریان | G7: پاس شده | I7: برگشتی | K7: جمع کل
A8: =COUNTA($C$13:$C$72) -> 0 | D8: =SUMIFS($I$13:$I$72,$J$13:$J$72,"در جریان") -> 0 | G8: =SUMIFS($I$13:$I$72,$J$13:$J$72,"پاس شده") -> 0 | I8: =SUMIFS($I$13:$I$72,$J$13:$J$72,"برگشتی") -> 0 | K8: =SUM($I$13:$I$72) -> 0
A12: ردیف No. | B12: تاریخ صدور Issued | C12: سررسید Due | D12: شماره چک No. | E12: نوع Type | F12: کد طرف Party | G12: نام طرف Name | H12: بانک Bank | I12: مبلغ Amount | J12: وضعیت Status | K12: تاریخ پاس Cleared | L12: یادداشت Note
A13: =IF($C13="","",COUNTA($C$13:$C13)) -> 0 | B13: 1405/07/02 | C13: 1405/08/02 | D13: 4521 | E13: پرداختی | F13: X012 | G13: =IF($F13="","",IFERROR(VLOOKUP($F13,AcctTbl,2,0),"")) -> 0 | H13: BN01 | I13: 40000000 | J13: پاس شده | K13: 1405/07/06 | L13: حمل و تخلیه
A14: =IF($C14="","",COUNTA($C$13:$C14)) -> 0 | B14: 1405/07/04 | C14: 1405/08/04 | D14: 7732 | E14: دریافتی | F14: C002 | G14: =IF($F14="","",IFERROR(VLOOKUP($F14,AcctTbl,2,0),"")) -> 0 | H14: BN03 | I14: 65000000 | J14: در جریان | L14: چک باغدار
A15: =IF($C15="","",COUNTA($C$13:$C15)) -> 0 | B15: 1405/07/06 | C15: 1405/09/06 | D15: 8890 | E15: پرداختی | F15: X013 | G15: =IF($F15="","",IFERROR(VLOOKUP($F15,AcctTbl,2,0),"")) -> 0 | H15: BN01 | I15: 18000000 | J15: در جریان | L15: دستمزد
A16: =IF($C16="","",COUNTA($C$13:$C16)) -> 0 | B16: 1405/07/08 | C16: 1405/08/08 | D16: 1120 | E16: دریافتی | F16: SL001 | G16: =IF($F16="","",IFERROR(VLOOKUP($F16,AcctTbl,2,0),"")) -> 0 | H16: BN02 | I16: 42000000 | J16: برگشتی | L16: برگشت خورد
A17: =IF($C17="","",COUNTA($C$13:$C17)) -> 0 | B17: 1405/07/10 | C17: 1405/09/10 | D17: 9031 | E17: پرداختی | F17: X012 | G17: =IF($F17="","",IFERROR(VLOOKUP($F17,AcctTbl,2,0),"")) -> 0 | H17: BN03 | I17: 22000000 | J17: باطل | L17: باطل شد
A18: =IF($C18="","",COUNTA($C$13:$C18)) -> 0 | B18: 1405/07/11 | C18: 1405/08/11 | D18: 6654 | E18: دریافتی | F18: C004 | G18: =IF($F18="","",IFERROR(VLOOKUP($F18,AcctTbl,2,0),"")) -> 0 | H18: BN01 | I18: 51000000 | J18: در جریان
A19: =IF($C19="","",COUNTA($C$13:$C19)) -> 0 | G19: =IF($F19="","",IFERROR(VLOOKUP($F19,AcctTbl,2,0),"")) -> 0
A20: =IF($C20="","",COUNTA($C$13:$C20)) -> 0 | G20: =IF($F20="","",IFERROR(VLOOKUP($F20,AcctTbl,2,0),"")) -> 0
A21: =IF($C21="","",COUNTA($C$13:$C21)) -> 0 | G21: =IF($F21="","",IFERROR(VLOOKUP($F21,AcctTbl,2,0),"")) -> 0
A22: =IF($C22="","",COUNTA($C$13:$C22)) -> 0 | G22: =IF($F22="","",IFERROR(VLOOKUP($F22,AcctTbl,2,0),"")) -> 0
A23: =IF($C23="","",COUNTA($C$13:$C23)) -> 0 | G23: =IF($F23="","",IFERROR(VLOOKUP($F23,AcctTbl,2,0),"")) -> 0
A24: =IF($C24="","",COUNTA($C$13:$C24)) -> 0 | G24: =IF($F24="","",IFERROR(VLOOKUP($F24,AcctTbl,2,0),"")) -> 0
A25: =IF($C25="","",COUNTA($C$13:$C25)) -> 0 | G25: =IF($F25="","",IFERROR(VLOOKUP($F25,AcctTbl,2,0),"")) -> 0
A26: =IF($C26="","",COUNTA($C$13:$C26)) -> 0 | G26: =IF($F26="","",IFERROR(VLOOKUP($F26,AcctTbl,2,0),"")) -> 0
A27: =IF($C27="","",COUNTA($C$13:$C27)) -> 0 | G27: =IF($F27="","",IFERROR(VLOOKUP($F27,AcctTbl,2,0),"")) -> 0
A28: =IF($C28="","",COUNTA($C$13:$C28)) -> 0 | G28: =IF($F28="","",IFERROR(VLOOKUP($F28,AcctTbl,2,0),"")) -> 0
A29: =IF($C29="","",COUNTA($C$13:$C29)) -> 0 | G29: =IF($F29="","",IFERROR(VLOOKUP($F29,AcctTbl,2,0),"")) -> 0
A30: =IF($C30="","",COUNTA($C$13:$C30)) -> 0 | G30: =IF($F30="","",IFERROR(VLOOKUP($F30,AcctTbl,2,0),"")) -> 0
... A72: =IF($C72="","",COUNTA($C$13:$C72)) -> 0 | G72: =IF($F72="","",IFERROR(VLOOKUP($F72,AcctTbl,2,0),"")) -> 0

Sheet Sync
A1: داده‌های ثابت — کپی قفل‌شده از فایل مادر 00_Master.xlsx
A2: این شیت فقط مطالعه است. هر کشوی این فایل از همین‌جا می‌خواند؛ برای تغییر، فایل مادر را ویرایش کنید و این فایل را دوباره بسازید.
A9: بانک‌ها و حساب‌های شرکت | H9: حساب‌ها (همه طرف‌حساب‌ها و حساب‌های معین) | N9: نوع عملیات بانکی — قاعده بدهکار/بستانکار | T9: روش پرداخت | U9: وضعیت چک | V9: شخص باسکول دیگران | W9: گروه‌های حساب | X9: نوع چک
A10: BN01 | B10: صادرات ۹۰۰۹ — جاری اصلی | C10: 500000000 | D10: BN01 | E10: بله | F10: حساب جاری اصلی شرکت | H10: C001 | I10: زینب زاهدی | J10: باغدار | K10: عمده | L10: طرف حساب | N10: دریافت از مشتری | O10: IN | P10: CODE | R10: B01 | S10: واریز مشتری به حساب شرکت — طرف حساب را با کد وارد کنید | T10: نقد | U10: در جریان | V10: BD001 – باسکول میدان بار (نمونه) | W10: باغدار | X10: دریافتی
A11: BN02 | B11: صادرات ۲۰۰۶ — پوز باسکول | C11: 0 | D11: BN02 | E11: بله | F11: پوز باسکول به این حساب وصل است | H11: C002 | I11: سید عباس موسوی | J11: باغدار | K11: صادراتی | L11: طرف حساب | N11: پرداخت به مشتری | O11: OUT | P11: CODE | R11: B02 | S11: پرداخت/حواله شرکت به طرف حساب | T11: چک | U11: پاس شده | V11: BD002 – (بدون نام) | W11: بارفروش | X11: پرداختی
A12: BN03 | B12: ملت | C12: 0 | D12: BN03 | E12: بله | H12: C003 | I12: حاج احمد عیسی پور | J12: باغدار | K12: خرده‌فروش | L12: طرف حساب | N12: دریافت نقدی و واریز به بانک | O12: IN | P12: FIXED | Q12: X003 | R12: B03 | S12: پول نقد از صندوق به بانک می‌رود | T12: انتقال بانکی | U12: برگشتی | V12: BD003 – (بدون نام) | W12: فروشنده سبد
A13: BN04 | B13: کشاورزی | C13: 0 | D13: BN04 | E13: بله | H13: C004 | I13: امید زاهدی | J13: باغدار | L13: طرف حساب | N13: پرداخت هزینه | O13: OUT | P13: CODE | R13: B04 | S13: هزینه‌ها: حمل، دستمزد، کارمزد، مالیات… | T13: کارت/پوز | U13: باطل | V13: BD004 – (بدون نام) | W13: تأمین‌کننده
A14: BN05 | B14: سپه | C14: 0 | D14: BN05 | E14: بله | H14: C005 | I14: بار شخصی قاسم زاهدی | J14: باغدار | L14: طرف حساب | N14: انتقال داخلی بین بانک‌ها | O14: TRF | P14: NONE | R14: B05 | S14: فقط جابه‌جایی بین بانک‌های خود شرکت؛ تراز شرکت تغییر نمی‌کند | T14: حواله | V14: BD005 – (بدون نام) | W14: کارمند
A15: BN06 | B15: مهر ایران | C15: 0 | D15: BN06 | E15: بله | H15: C006 | I15: هوشنگ عیسی پور | J15: باغدار | L15: طرف حساب | N15: پرداخت انعام مصطفی | O15: OUT | P15: FIXED | Q15: X001 | R15: B06 | S15: بدهی انعام مصطفی تسویه می‌شود | V15: BD006 – (بدون نام) | W15: سایر حساب
A16: BN07 | B16: تجارت | C16: 0 | D16: BN07 | E16: بله | H16: C007 | I16: علی آهنگر | J16: باغدار | L16: طرف حساب | N16: دریافت هزینه باسکول دیگران | O16: IN | P16: PICK | R16: B07 | S16: پول از طرف باسکول دیگران؛ در حساب همان شخص بستانکار می‌شود | V16: BD007 – (بدون نام) | W16: باسکول دیگران
A17: BN08 | B17: پاسارگاد | C17: 0 | D17: BN08 | E17: بله | H17: C008 | I17: صفدر مسلمی | J17: باغدار | L17: طرف حساب | N17: پرداخت به باسکول دیگران | O17: OUT | P17: PICK | R17: B08 | S17: تسویه با شخص باسکول دیگران | V17: BD008 – (بدون نام) | W17: دارایی ثابت
A18: BN09 | B18: رفاه | C18: 0 | D18: BN09 | E18: بله | H18: C009 | I18: همایون بابایی | J18: باغدار | L18: طرف حساب | N18: واریز پز باسکول (۲۰۰۶) | O18: IN | P18: FIXED | Q18: X011 | R18: B09 | S18: سرجمع پز روز قبل؛ حساب واسط X011 را تسویه می‌کند (درآمد در دفتر روزنامه ثبت شده) | V18: BD009 – (بدون نام) | W18: وام و تسهیلات
A19: BN10 | B19: قرض‌الحسنه | C19: 0 | D19: BN10 | E19: بله | H19: C010 | I19: دبیر فرجی | J19: باغدار | L19: طرف حساب | N19: پاس چک (پرداخت چک) | O19: OUT | P19: FIXED | Q19: X010 | R19: B10 | S19: چک پرداختی پاس می‌شود | V19: BD010 – (بدون نام) | W19: سرمایه و آورده صاحبان
H20: C011 | I20: محمود علیجانی | J20: باغدار | L20: طرف حساب | N20: برگشت چک دریافتی | O20: IN | P20: FIXED | Q20: X010 | R20: B11 | S20: چک دریافتی برگشت خورد | V20: BD011 – (بدون نام)
H21: C012 | I21: افشین بشتکار | J21: باغدار | L21: طرف حساب | N21: واریز چک به حساب | O21: IN | P21: FIXED | Q21: X010 | R21: B12 | S21: چک دریافتی وصول شد | V21: BD012 – (بدون نام)
H22: C013 | I22: میرقربان موسویان | J22: باغدار | L22: طرف حساب | N22: دریافت تسهیلات | O22: IN | P22: CODE | R22: B13 | S22: وام/تسهیلات بانکی | V22: BD013 – (بدون نام)
H23: C014 | I23: باباجانی (تراجیکلا) | J23: باغدار | L23: طرف حساب | N23: بازپرداخت تسهیلات | O23: OUT | P23: CODE | R23: B14 | S23: قسط یا اصل وام | V23: BD014 – (بدون نام)
H24: C015 | I24: کاظم میرزازاده | J24: باغدار | L24: طرف حساب | N24: سایر دریافت | O24: IN | P24: CODE | R24: B15 | V24: BD015 – (بدون نام)
H25: C016 | I25: علی جانبرارپور | J25: باغدار | L25: طرف حساب | N25: سایر پرداخت | O25: OUT | P25: CODE | R25: B16 | V25: BD016 – (بدون نام)
H26: C017 | I26: لیلا محمودنیا | J26: باغدار | L26: طرف حساب | N26: تسویه دریافت (واسط) | O26: IN | P26: FIXED | Q26: X011 | R26: B17 | S26: واریزی‌ای که قبلاً در شیت پرداخت (Pay) ثبت شده؛ واسط X011 را صفر می‌کند | V26: BD017 – (بدون نام)
H27: C018 | I27: اسماعیل خانیا | J27: باغدار | L27: طرف حساب | N27: تسویه پرداخت (واسط) | O27: OUT | P27: FIXED | Q27: X011 | R27: B18 | S27: پرداختی که قبلاً در شیت پرداخت (Pay) ثبت شده؛ واسط X011 را صفر می‌کند | V27: BD018 – (بدون نام)
H28: C019 | I28: یوسف یوسف نژاد | J28: باغدار | L28: طرف حساب | V28: BD019 – (بدون نام)
H29: C020 | I29: علی نوایی | J29: باغدار | L29: طرف حساب | V29: BD020 – (بدون نام)
H30: C021 | I30: دومیری | J30: باغدار | L30: طرف حساب
H31: C022 | I31: شمسعلی علیجانی | J31: باغدار | L31: طرف حساب
H32: C023 | I32: یوسف نیا (موزیج) | J32: باغدار | L32: طرف حساب
H33: C024 | I33: کاظم ذبیح پور | J33: باغدار | L33: طرف حساب
H34: C025 | I34: علی غلام رضاپور | J34: باغدار | L34: طرف حساب
H35: C026 | I35: حسین شکرالله نیا | J35: باغدار | L35: طرف حساب
H36: C027 | I36: سید مهدی حسینی (دوست حاج هوشنگ) | J36: باغدار | L36: طرف حساب
H37: C028 | I37: آقای عزیزی | J37: باغدار | L37: طرف حساب
H38: C029 | I38: آقای حبیبی (بانک صادرات) | J38: باغدار | L38: طرف حساب
H39: C030 | I39: محمد علی اصغرزاده | J39: باغدار | L39: طرف حساب
H40: C031 | I40: فغان پور | J40: باغدار | L40: طرف حساب
H41: C032 | I41: عباس پور (بهنمیر) | J41: باغدار | L41: طرف حساب
... H66: C057 | I66: کبری اصغرنیا | J66: باغدار | L66: طرف حساب
H67: SL001 | I67: قم — سید حسین حسینی | J67: بارفروش | K67: میدان بار شهرستان | L67: طرف حساب
H68: SL002 | I68: مشهد — محمد توکلی | J68: بارفروش | K68: میدان بار شهرستان | L68: طرف حساب
H69: SL003 | I69: اراک — پوریا خوش‌نمکیان | J69: بارفروش | K69: میدان بار شهرستان | L69: طرف حساب
H70: SL004 | I70: تبریز — نورزاده | J70: بارفروش | K70: میدان بار شهرستان | L70: طرف حساب
H71: SL005 | I71: زنجان — خانی | J71: بارفروش | K71: میدان بار شهرستان | L71: طرف حساب
H72: S001 | I72: حسن کوچک‌زاده | J72: فروشنده سبد | K72: سبد پلاستیکی | L72: طرف حساب
H73: S002 | I73: سید محمد موسویان | J73: فروشنده سبد | K73: سبد پلاستیکی | L73: طرف حساب
H74: S003 | I74: سید ربیع موسویان | J74: فروشنده سبد | K74: سبد پلاستیکی | L74: طرف حساب
H75: E001 | I75: قاسم زاهدی تیر | J75: کارمند | K75: مدیرعامل | L75: طرف حساب
H76: E002 | I76: (نام حسابدار) | J76: کارمند | K76: حسابدار | L76: طرف حساب
H77: E003 | I77: (نام فروشنده ۱) | J77: کارمند | K77: فروشنده | L77: طرف حساب
H78: E004 | I78: (نام انباردار) | J78: کارمند | K78: انباردار | L78: طرف حساب
... H116: BN10 | I116: قرض‌الحسنه | J116: بانک و صندوق | K116: حساب‌های بانکی | L116: بانک
H117: C058
H118: C059
H119: C060
H120: C061
H121: C062
H122: C063
H123: C064
H124: C065
H125: C066
H126: C067
H127: C068
H128: C069
... H259: BD020

Sheet Help
A2: مازندشت · سورتینگ و بسته‌بندی مرکبات · MAZANDASHT · CITRUS SORTING & PACKING
A3: راهنمای کامل فایل تراکنش‌ها
A4: از تعریف کشوها تا قواعد بدهکار/بستانکار و روش‌های کنترل
A7: این فایل چه می‌کند؟ | H7: ۰۱
A8: فایل 02_Bank محل ثبت تراکنش‌های بانکی است. برخلاف بقیه فایل‌ها که داده را از 01_Entry می‌خوانند، این فایل منبع مستقل ورود اطلاعات بانکی است، چون صورت‌حساب بانک از بیرون می‌آید.
A9: • خروجی: شیت Post (دفتر تراکنش‌ها) که همه تحلیل‌ها و مانده‌ها از آن ساخته می‌شود.
A10: • هر تراکنش دو خط دفتر می‌سازد: خط بانک و خط طرف حساب.
A11: • کد حساب‌های بانکی در همه فایل‌ها BNxx است (BN01…BN10). در دفتر روزنامه (01_Entry) هیچ سندی مستقیم روی BNxx زده نمی‌شود: هر حرکت بانکی از حساب واسط X011 عبور می‌کند و مانده واقعی هر بانک فقط از همین فایل (شیت Post) خوانده می‌شود.
A12: • دفتر روزنامه تنها دفتر مالی است: هر رویداد اقتصادی (فروش، هزینه، بدهی) باید در 01_Entry ثبت شود و این فایل حرکت واقعی پول را. برای هزینه‌ای که از بانک پرداخت می‌شود، در 01_Entry یک «پرداخت» با روش «انتقال بانکی» و حساب هزینه بزنید و همین‌جا همان مبلغ را با نوع «تسویه پرداخت (واسط)» ثبت کنید.
A14: کشوها از کجا می‌آیند؟ | H14: ۰۲
A15: همه فهرست‌های کشویی در فایل مادر (00_Master) تعریف شده‌اند و در شیت Sync این فایل کپی شده‌اند:
A16: • بانک عامل و بانک مقصد ← شیت Bnk فایل مادر.
A17: • نوع عملیات بانکی ← جدول «Bank Operations» در شیت List فایل مادر (۱۸ نوع، قابل افزودن).
A18: • روش پرداخت و وضعیت چک ← شیت List.
A19: • شخص باسکول دیگران ← حساب‌های BD001…BD020 در شیت Acc.
A20: • کد طرف حساب یک کشوی «هشدار» است: می‌توانید کد جدید را تایپ کنید، ولی اگر کد در فایل مادر نباشد ⚠ می‌گیرید.
A22: انتقال داخلی بین بانک‌ها | H22: ۰۳
A23: وقتی پول از یک حساب شرکت به حساب دیگر منتقل می‌شود، این یک تراکنش واقعی نیست و تراز شرکت تغییر نمی‌کند.
A24: • نوع عملیات = «انتقال داخلی بین بانک‌ها».
A25: • بانک عامل = بانک مبدأ (پول از آن خارج می‌شود).
A26: • بانک مقصد = بانکی که پول به آن واریز می‌شود.
A27: • نتیجه: خط اول بستانکار بانک مبدأ، خط دوم بدهکار بانک مقصد؛ جمع شرکت صفر می‌ماند.
A28: • دفتر روزنامه برای «انتقال داخلی» هیچ سندی نمی‌سازد، چون پولی از شرکت خارج نمی‌شود؛ فقط همین فایل هر دو طرف را ثبت می‌کند. در شیت پرداخت 01_Entry هم روش «انتقال داخلی» را انتخاب کنید تا سند اضافه زده نشود.
A30: انعام مصطفی | H30: ۰۴
A31: حساب انعام مصطفی کد X001 دارد و در فایل مادر تعریف شده است. پرداخت به او با نوع «پرداخت انعام مصطفی» ثبت می‌شود: بانک عامل بستانکار و حساب X001 بدهکار می‌شود؛ یعنی بدهی شرکت به ایشان تسویه می‌شود.
A32: • برای دیدن مانده انعام مصطفی، در شیت Post ستون کد حساب را روی X001 فیلتر کنید.
A33: • کنترل خودکار ۲۰۰۶ ↔ مصطفی در شیت POS فایل 01_Entry (کنترل مانده واسط X011) انجام می‌شود و باید صفر بماند.
A35: باسکول دیگران | H35: ۰۵
A36: دریافت هزینه باسکول دیگران: بانک عامل بدهکار (پول وارد شده) و حساب همان شخص بستانکار؛ یعنی شرکت به او بدهکار می‌شود.
A37: • شخص را از کشوی «شخص باسکول دیگران» انتخاب کنید؛ کد (BDxxx) در ستون مخفی محاسبه می‌شود.
A38: • پرداخت به باسکول دیگران برعکس عمل می‌کند و بدهی را کم می‌کند.
A39: • گزارش بدهی هر شخص: شیت Anal یا فیلتر حساب BDxxx در شیت Post.
A41: چک‌ها | H41: ۰۶
A42: شیت Chq دفتر چک است: شماره، سررسید، مبلغ، وضعیت (در جریان/پاس شده/برگشتی/باطل).
A43: • وقتی چک پاس شد، در Txn یک ردیف «پاس چک» ثبت کنید تا حساب X010 و بانک به‌روز شود.
A44: • چک برگشتی با نوع «برگشت چک دریافتی» ثبت می‌شود.
A46: کنترل‌ها و هشدارها | H46: ۰۷
A47: • ستون وضعیت Txn: ⚠ مبلغ / ⚠ بانک عامل / ⚠ بانک مقصد / ⚠ طرف حساب.
A48: • در انتهای Txn جمع بدهکار و بستانکار باید برابر باشند؛ کادر «تراز» سبز می‌شود.
A49: • شیت Card: واریزی پز باسکول هر بانک با پز ثبت‌شده در دفتر روزنامه مقایسه می‌شود؛ این دو باید برابر باشند.
A50: • اگر نوع عملیات را از گروه «تسویه…» انتخاب نکنید (مثلاً «پرداخت هزینه» با کد طرف حساب)، آن مبلغ در دفتر روزنامه سند ندارد و جمع واسط X011 صفر نمی‌شود؛ شیت 05_Bal (شیت Audit) این اختلاف را نشان می‌دهد.
A52: چاپ و صفحه‌آرایی | H52: ۰۸
A53: همه شیت‌ها راست‌به‌چپ و آماده چاپ A4 هستند: تکرار سرستون، جا شدن در عرض یک صفحه، سربرگ و فوتر با شماره صفحه.
A54: • برای چاپ فقط ناحیه داده، از سربرگ Page Layout ← Print Area استفاده کنید (از پیش تنظیم شده).
A56: ارتباط با بقیه فایل‌ها | H56: ۰۹
A57: • 00_Master ← تعریف بانک‌ها، حساب‌ها و انواع عملیات.
A58: • 01_Entry ← عملیات باسکول و پرداخت‌های نقدی/چکی؛ پز باسکول آنجا ثبت می‌شود.
A59: • 08_Dash ← داشبوردی که هم از این فایل و هم از 01_Entry می‌خواند.
A60: • 05_Bal ← مانده هر بانک در شیت IBank از همین فایل (Post) خوانده می‌شود؛ جمع آن با شیت SUM همین فایل و داشبورد یکی است.
A61: • 03_Report / 04_Inv ← گزارش‌ها و صورت‌حساب‌ها.
